objectid,iso3,gis_name,ref_conv_1951,ref_conv_1951_date,ref_prot_1967,ref_prot_1967_date,ref_conv_prot_note,sta_conv_1954,sta_conv_1954_date,sta_conv_1961,sta_conv_1961_date,sta_conv_prot_note,unhcr_region,region,subregion,code_op,excom,comments,globalid,region_pcode,m49code,short_name_en,short_name_sp,short_name_ar,short_name_fr,short_name_ru,short_name_ch,m49_region,m49_region_group,m49_sub_region,hcr3,color_code,territory,entity_last_update
51,MOZ,Mozambique,Active,440380800000,Active,609984000000,,Active,1412121600000,Active,1412121600000,,Regional Bureau for Southern Africa,Africa,Southern Africa,MOZ ABC,Inactive,NA,{654A464F-FC1F-4BD2-89A7-FA805508D6DE},RBSA,508,Mozambique,Mozambique,موزامبيق,Mozambique,Мозамбик,莫桑比克,Africa,Sub-Saharan Africa,Eastern Africa,MOZ,MOZ,NA,1666109157000
57,IRN,Islamic Republic of Iran,Active,207360000000,Active,207360000000,,Inactive,-2209161600000,Inactive,-2209161600000,,Regional Bureau for Asia and the Pacific,Asia and the Pacific,South-West Asia,IRN ABC,Inactive,NA,{8F182F62-A597-43CE-AF88-A76D812DD1A0},RBAP,364,Iran (Islamic Republic of),Irán (República Islámica del),إيران (جمهورية - الإسلامية),Iran (République islamique d’),Иран (Исламская Республика),伊朗伊斯兰共和国,Asia,,Southern Asia,IRN,IRN,NA,1666109157000
37,NPL,Nepal,Inactive,-2209161600000,Inactive,-2209161600000,,Inactive,-2209161600000,Inactive,-2209161600000,,Regional Bureau for Asia and the Pacific,Asia and the Pacific,South Asia,NPL ABC,Inactive,NA,{667C2B2A-9FDF-4798-BB88-53B0D1EAEFC4},RBAP,524,Nepal,Nepal,نيبال,Népal,Непал,尼泊尔,Asia,,Southern Asia,NEP,NPL,NA,1666109157000
14,GRC,Greece,Active,-307411200000,Active,-44236800000,,Active,184291200000,Inactive,-2209161600000,,Regional Bureau for Europe,Europe,"Northern, Western, Central and Southern Europe",GRC ABC,Inactive,NA,{2DFBA432-13CD-4A25-910F-31A86668F9DF},RBE,300,Greece,Grecia,اليونان,Grèce,Греция,希腊,Europe,,Southern Europe,GRE,GRC,NA,1666109157000
196,MNG,Mongolia,Inactive,-2209161600000,Inactive,-2209161600000,,Inactive,-2209161600000,Inactive,-2209161600000,,Regional Bureau for Asia and the Pacific,Asia and the Pacific,East Asia and the Pacific,THA RO ABC,Inactive,NA,{246199AF-8EBA-416A-B56F-21AA89C93852},RBAP,496,Mongolia,Mongolia,منغوليا,Mongolie,Монголия,蒙古,Asia,,Eastern Asia,MNG,MNG,NA,1666109157000
151,SYC,Seychelles,Active,325296000000,Active,325296000000,,Inactive,-2209161600000,Inactive,-2209161600000,,Regional Bureau for Southern Africa,Africa,Southern Africa,ZAF RO ABC,Inactive,NA,{C691341A-A591-44FC-AE67-043A566E1C20},RBSA,690,Seychelles,Seychelles,سيشيل,Seychelles,Сейшельские Острова,塞舌尔,Africa,Sub-Saharan Africa,Eastern Africa,SEY,SYC,NA,1666109157000
133,KAZ,Kazakhstan,Active,916358400000,Active,916358400000,,Inactive,-2209161600000,Inactive,-2209161600000,,Regional Bureau for Asia and the Pacific,Asia and the Pacific,Central Asia,KAZ RO ABC,Inactive,NA,{F5AC0119-526E-4416-AFDC-1440B720CDEA},RBAP,398,Kazakhstan,Kazajstán,كازاخستان,Kazakhstan,Казахстан,哈萨克斯坦,Asia,,Central Asia,KAZ,KAZ,NA,1666109157000
142,ARE,United Arab Emirates,Inactive,-2209161600000,Inactive,-2209161600000,,Inactive,-2209161600000,Inactive,-2209161600000,,Regional Bureau for the Middle East and North Africa,Middle East and North Africa,Middle East,SAU ABC,Inactive,NA,{DD4D923F-122C-41A4-9B79-8F2D07DF1610},RBMENA,784,United Arab Emirates,Emiratos Árabes Unidos,الإمارات العربية المتحدة,Émirats arabes unis,Объединенные Арабские Эмираты,阿拉伯联合酋长国,Asia,,Western Asia,UAE,ARE,NA,1666109157000
20,YEM,Yemen,Active,317001600000,Active,317001600000,,Inactive,-2209161600000,Inactive,-2209161600000,,Regional Bureau for the Middle East and North Africa,Middle East and North Africa,Middle East,YEM ABC,Inactive,NA,{14E6983E-D36E-4680-9E3C-63A96224FA87},RBMENA,887,Yemen,Yemen,اليمن,Yémen,Йемен,也门,Asia,,Western Asia,YEM,YEM,NA,1666109157000
226,MDG,Madagascar,Active,-64368000000,Inactive,-2209161600000,Signatory to Convention only,Inactive,-2209161600000,Inactive,-2209161600000,,Regional Bureau for Southern Africa,Africa,Southern Africa,ZAF RO ABC,Inactive,NA,{C3F3D3B9-CD8F-41DF-833D-D351A841E140},RBSA,450,Madagascar,Madagascar,مدغشقر,Madagascar,Мадагаскар,马达加斯加,Africa,Sub-Saharan Africa,Eastern Africa,MAD,MDG,NA,1666109157000
179,COM,Comoros,Inactive,-2209161600000,Inactive,-2209161600000,,Inactive,-2209161600000,Inactive,-2209161600000,,Regional Bureau for Southern Africa,Africa,Southern Africa,ZAF RO ABC,Inactive,NA,{6EFFCBD0-DDB2-477B-AAE2-41BBFC72BD1F},RBSA,174,Comoros,Comoras,جزر القمر,Comores,Коморские Острова,科摩罗,Africa,Sub-Saharan Africa,Eastern Africa,COI,COM,NA,1666109157000
224,OMN,Oman,Inactive,-2209161600000,Inactive,-2209161600000,,Inactive,-2209161600000,Inactive,-2209161600000,,Regional Bureau for the Middle East and North Africa,Middle East and North Africa,Middle East,SAU ABC,Inactive,NA,{25A04E66-548A-40F8-BE98-9621FA288540},RBMENA,512,Oman,Omán,عمان,Oman,Оман,阿曼,Asia,,Western Asia,OMN,OMN,NA,1666109157000
81,MTQ,Martinique (FRA),Active,-2209161600000,Active,-2209161600000,,Inactive,-2209161600000,Inactive,-2209161600000,,Regional Bureau for Europe,Europe,"Northern, Western, Central and Southern Europe",FRA ABC,Inactive,NA,{4064C543-A33E-4924-9C8F-47BEFB663B8A},RBE,474,Martinique,Martinica,مارتينيك,Martinique,Мартиника,马提尼克,Americas,Latin America and the Caribbean,Caribbean,MAR,FRA,NA,1666109157000
60,RWA,Rwanda,Active,315705600000,Active,315705600000,,Active,1159920000000,Active,1159920000000,,"Regional Bureau for the East and Horn of Africa, and Great Lakes",Africa,Central Africa and the Great Lakes,RWA ABC,Inactive,NA,{DDFD3360-E530-4430-80A8-80891079B195},RBEHAGL,646,Rwanda,Rwanda,رواندا,Rwanda,Руанда,卢旺达,Africa,Sub-Saharan Africa,Eastern Africa,RWA,RWA,NA,1666109157000
167,LSO,Lesotho,Active,358646400000,Active,358646400000,,Active,152755200000,Active,1095984000000,,Regional Bureau for Southern Africa,Africa,Southern Africa,ZAF RO ABC,Inactive,NA,{1F0196E8-9B7B-4F22-9B36-26ED206C42C9},RBSA,426,Lesotho,Lesotho,ليسوتو,Lesotho,Лесото,莱索托,Africa,Sub-Saharan Africa,Southern Africa,LES,LSO,NA,1666109157000
195,SDN,Sudan,Active,130723200000,Active,138499200000,,Inactive,-2209161600000,Inactive,-2209161600000,,"Regional Bureau for the East and Horn of Africa, and Great Lakes",Africa,East and Horn of Africa,SDN ABC,Inactive,NA,{BC5DC692-FD10-4BDE-A7F4-DDA276F993B7},RBEHAGL,729,Sudan,Sudán,السودان,Soudan,Судан,苏丹,Africa,,Northern Africa,SUD,SDN,NA,1666109157000
206,SJM,Jan Mayen Island (NOR),Active,-2209161600000,Active,-2209161600000,,Inactive,-2209161600000,Inactive,-2209161600000,,Regional Bureau for Europe,Europe,"Northern, Western, Central and Southern Europe",0,Inactive,NA,{5F385BDE-0316-479A-8436-2F24F2C4CC9E},RBE,744,Svalbard and Jan Mayen Islands,Islas Svalbard y Jan Mayen,جزيرتي سفالبارد وجان مايِن,Îles Svalbard-et-Jan Mayen,Острова Свальбард и Ян-Майен,斯瓦尔巴群岛和扬马延岛,Europe,,Northern Europe,NA,NOR,NA,1666109157000
25,GEO,Georgia,Active,934156800000,Active,934156800000,,Active,1324598400000,Active,1404172800000,,Regional Bureau for Europe,Europe,Eastern Europe,GEO RO ABC,Inactive,NA,{DAF11761-A66C-4130-B445-61D38265EB2D},RBE,268,Georgia,Georgia,جورجيا,Géorgie,Грузия,格鲁吉亚,Asia,,Western Asia,GEO,GEO,NA,1666109157000
1,MCO,Monaco,Active,-493084800000,Active,1275782400000,,Inactive,-2209161600000,Inactive,-2209161600000,,Regional Bureau for Europe,Europe,"Northern, Western, Central and Southern Europe",FRA ABC,Inactive,NA,{6D92EEFD-F625-4BC6-9D56-2FD2B41F97AA},RBE,492,Monaco,Mónaco,موناكو,Monaco,Монако,摩纳哥,Europe,,Western Europe,MCO,MCO,NA,1666109157000
186,TUR,Turkey,Active,-244857600000,Active,-44841600000,,Active,1427328000000,Inactive,-2209161600000,,Regional Bureau for Europe,Europe,Eastern Europe,TUR ABC,Inactive,NA,{89FCCAE5-E3FA-435A-95C5-D713B2BEC56A},RBE,792,Türkiye,Türkiye,تركيا,Türkiye,Турция,土耳其,Asia,,Western Asia,TUR,TUR,NA,1666109157000
96,TJK,Tajikistan,Active,755222400000,Active,755222400000,,Inactive,-2209161600000,Inactive,-2209161600000,,Regional Bureau for Asia and the Pacific,Asia and the Pacific,Central Asia,TJK ABC,Inactive,NA,{848DE7B7-3F99-4A9A-A9D6-A8EFF4B049AA},RBAP,762,Tajikistan,Tayikistán,طاجيكستان,Tadjikistan,Таджикистан,塔吉克斯坦,Asia,,Central Asia,TJK,TJK,NA,1666109157000
53,LBY,Libya,Inactive,-2209161600000,Inactive,-2209161600000,,Active,611280000000,Active,611280000000,,Regional Bureau for the Middle East and North Africa,Middle East and North Africa,North Africa,LBY ABC,Inactive,NA,{4304CC9D-C3CE-427E-A85B-FBFA5BCC6DE0},RBMENA,434,Libya,Libia,ليبيا,Libye,Ливия,利比亚,Africa,,Northern Africa,LBY,LBY,NA,1666109157000
220,UGA,Uganda,Active,212630400000,Active,212630400000,,Active,-148780800000,Inactive,-2209161600000,,"Regional Bureau for the East and Horn of Africa, and Great Lakes",Africa,East and Horn of Africa,UGA ABC,Inactive,NA,{81DA9ADE-8E50-4139-96ED-E269AF5BCA43},RBEHAGL,800,Uganda,Uganda,أوغندا,Ouganda,Уганда,乌干达,Africa,Sub-Saharan Africa,Eastern Africa,UGA,UGA,NA,1666109157000
223,ALB,Albania,Active,714096000000,Active,714096000000,,Active,1056326400000,Active,1057708800000,,Regional Bureau for Europe,Europe,South-Eastern Europe,BIH RO ABC,Inactive,NA,{1DFDBE6E-515D-4AC1-8AD0-9E47373289B1},RBE,8,Albania,Albania,ألبانيا,Albanie,Албания,阿尔巴尼亚,Europe,,Southern Europe,ALB,ALB,NA,1666109157000
48,CYP,Cyprus,Active,-209260800000,Active,-46742400000,,Inactive,-2209161600000,Inactive,-2209161600000,,Regional Bureau for Europe,Europe,"Northern, Western, Central and Southern Europe",ITA RO ABC,Inactive,NA,{3A4D332A-DA93-443C-8912-8EC137EEE505},RBE,196,Cyprus,Chipre,قبرص,Chypre,Кипр,塞浦路斯,Asia,,Western Asia,CYP,CYP,NA,1666109157000
213,GIN,Guinea,Active,-126576000000,Active,-51408000000,,Active,-245635200000,Active,1405555200000,,Regional Bureau for West and Central Africa,Africa,West Africa,SEN RO ABC,Inactive,NA,{AB918AB2-BAF4-4DA2-9FEC-386AF3A5C9E9},RBWCA,324,Guinea,Guinea,غينيا,Guinée,Гвинея,几内亚,Africa,Sub-Saharan Africa,Western Africa,GUI,GIN,NA,1666109157000
84,UKR,Ukraine,Active,1023667200000,Active,1017878400000,,Active,1364169600000,Active,1364169600000,,Regional Bureau for Europe,Europe,Eastern Europe,UKR ABC,Inactive,NA,{05EF7AD7-58C1-4681-8017-5AF0268C04FB},RBE,804,Ukraine,Ucrania,أوكرانيا,Ukraine,Украина,乌克兰,Europe,,Eastern Europe,UKR,UKR,NA,1666109157000
39,BGD,Bangladesh,Inactive,-2209161600000,Inactive,-2209161600000,,Inactive,-2209161600000,Inactive,-2209161600000,,Regional Bureau for Asia and the Pacific,Asia and the Pacific,South East Asia,BGD ABC,Inactive,NA,{DF625ADA-6105-45EE-8637-4477EA09E0AC},RBAP,50,Bangladesh,Bangladesh,بنغلاديش,Bangladesh,Бангладеш,孟加拉国,Asia,,Southern Asia,BGD,BGD,NA,1666109157000
164,SWE,Sweden,Active,-479174400000,Active,-70848000000,,Active,-149904000000,Active,-27302400000,,Regional Bureau for Europe,Europe,"Northern, Western, Central and Southern Europe",SWE RO ABC,Inactive,NA,{AC045BE1-2F64-4259-9174-9633C4F15FFA},RBE,752,Sweden,Suecia,السويد,Suède,Швеция,瑞典,Europe,,Northern Europe,SWE,SWE,NA,1666109157000
65,COD,Democratic Republic of the Congo,Active,-140572800000,Active,158803200000,,Inactive,-2209161600000,Inactive,-2209161600000,,Regional Bureau for Southern Africa,Africa,Central Africa and the Great Lakes,COD RO ABC,Inactive,NA,{D92EECCF-773D-42E9-BD8C-A5FAE38BAAEB},RBSA,180,Democratic Republic of the Congo,República Democrática del Congo,جمهورية الكونغو الديمقراطية,République démocratique du Congo,Демократическая Республика Конго,刚果民主共和国,Africa,Sub-Saharan Africa,Middle Africa,COD,COD,NA,1666109157000
185,GRL,Greenland (DNK),Active,-2209161600000,Active,-2209161600000,,Inactive,-2209161600000,Inactive,-2209161600000,,Regional Bureau for Europe,Europe,"Northern, Western, Central and Southern Europe",0,Inactive,NA,{EFAAB1CC-BFF9-474C-B090-6ECDAC830761},RBE,304,Greenland,Groenlandia,غرينلند,Groenland,Гренландия,格陵兰,Americas,,Northern America,NA,DNK,NA,1666109157000
4,VCT,Saint Vincent and the Grenadines,Active,752284800000,Active,1067817600000,,Active,925171200000,Inactive,-2209161600000,,Regional Bureau for the Americas ,Americas,North America and the Caribbean,USA RO ABC,Inactive,NA,{F4F7D6AF-3141-466C-B1DC-A0C8B9DEC976},RBA,670,Saint Vincent and the Grenadines,San Vicente y las Granadinas,سانت فنسنت وجزر غرينادين,Saint-Vincent-et-les Grenadines,Сент-Винсент и Гренадины,圣文森特和格林纳丁斯,Americas,Latin America and the Caribbean,Caribbean,VCT,VCT,NA,1666109157000
174,MUS,Mauritius,Inactive,-2209161600000,Inactive,-2209161600000,,Inactive,-2209161600000,Inactive,-2209161600000,,Regional Bureau for Southern Africa,Africa,Southern Africa,ZAF RO ABC,Inactive,NA,{7C1F5945-F0FC-4101-9493-80D9C9C739A6},RBSA,480,Mauritius,Mauricio,موريشيوس,Maurice,Маврикий,毛里求斯,Africa,Sub-Saharan Africa,Eastern Africa,MTS,MUS,NA,1666109157000
200,WSM,Samoa,Active,590803200000,Active,786067200000,,Inactive,-2209161600000,Inactive,-2209161600000,,Regional Bureau for Asia and the Pacific,Asia and the Pacific,East Asia and the Pacific,AUS RO ABC,Inactive,NA,{5DB94CBA-7302-4125-B68D-0A05556F5A1B},RBAP,882,Samoa,Samoa,ساموا,Samoa,Самоа,萨摩亚,Oceania,,Polynesia,WES,WSM,NA,1666109157000
197,BWA,Botswana,Active,-31104000000,Active,-31104000000,,Active,-26784000000,Inactive,-2209161600000,,Regional Bureau for Southern Africa,Africa,Southern Africa,ZAF RO ABC,Inactive,NA,{E45FF374-69CF-4391-9F66-6C00D58D5AC2},RBSA,72,Botswana,Botswana,بوتسوانا,Botswana,Ботсвана,博茨瓦纳,Africa,Sub-Saharan Africa,Southern Africa,BOT,BWA,NA,1666109157000
199,KOR,Republic of Korea,Active,723340800000,Active,723340800000,,Active,-232329600000,Inactive,-2209161600000,,Regional Bureau for Asia and the Pacific,Asia and the Pacific,East Asia and the Pacific,KOR ABC,Inactive,NA,{40C562C0-4E54-457D-88E4-A886DE402BAB},RBAP,410,Republic of Korea,República de Corea,جمهورية كوريا,République de Corée,Республика Корея,大韩民国,Asia,,Eastern Asia,KOR,KOR,NA,1666109157000
90,ATG,Antigua and Barbuda,Active,810432000000,Active,810432000000,,Active,593740800000,Inactive,-2209161600000,,Regional Bureau for the Americas ,Americas,North America and the Caribbean,USA RO ABC,Inactive,NA,{6F2441A7-AA6E-4A92-B410-6DE903C8DA2C},RBA,28,Antigua and Barbuda,Antigua y Barbuda,أنتيغوا وبربودا,Antigua-et-Barbuda,Антигуа и Барбуда,安提瓜和巴布达,Americas,Latin America and the Caribbean,Caribbean,ANT,ATG,NA,1666109157000
91,CZE,Czechia,Active,737078400000,Active,737078400000,,Active,1090195200000,Active,1008720000000,,Regional Bureau for Europe,Europe,"Northern, Western, Central and Southern Europe",HUN RO ABC,Inactive,NA,{4578BDD2-7C6A-4089-B6FC-11AE11A90537},RBE,203,Czechia,Chequia,تشيكيا,Tchéquie,Чехия,捷克,Europe,,Eastern Europe,CZE,CZE,NA,1666109157000
59,AUT,Austria,Active,-478656000000,Active,116035200000,,Active,1202428800000,Active,85968000000,,Regional Bureau for Europe,Europe,"Northern, Western, Central and Southern Europe",BEL RO ABC,Inactive,NA,{59894899-D388-4F59-A4E0-F5513935E8D8},RBE,40,Austria,Austria,النمسا,Autriche,Австрия,奥地利,Europe,,Western Europe,AUS,AUT,NA,1666109157000
210,HND,Honduras,Active,701308800000,Active,701308800000,,Active,1349049600000,Active,1355788800000,,Regional Bureau for the Americas ,Americas,Latin America,PAN RO ABC,Inactive,NA,{BBEF8E28-185F-4B57-A2CD-1F19DC55119C},RBA,340,Honduras,Honduras,هندوراس,Honduras,Гондурас,洪都拉斯,Americas,Latin America and the Caribbean,Central America,HON,HND,NA,1666109157000
198,VNM,Viet Nam,Inactive,-2209161600000,Inactive,-2209161600000,,Inactive,-2209161600000,Inactive,-2209161600000,,Regional Bureau for Asia and the Pacific,Asia and the Pacific,South East Asia,THA RO ABC,Inactive,NA,{28C88C39-EB40-44A4-8FD5-BD51275C73F2},RBAP,704,Viet Nam,Viet Nam,فييت نام,Viet Nam,Вьетнам,越南,Asia,,South-eastern Asia,SRV,VNM,NA,1666109157000
41,LUX,Luxembourg,Active,-518918400000,Active,41126400000,,Active,-300240000000,Active,1505952000000,,Regional Bureau for Europe,Europe,"Northern, Western, Central and Southern Europe",BEL RO ABC,Inactive,NA,{2C683ECC-B232-4AB2-A6CB-99B7637DA1F8},RBE,442,Luxembourg,Luxemburgo,لكسمبرغ,Luxembourg,Люксембург,卢森堡,Europe,,Western Europe,LUX,LUX,NA,1666109157000
17,DMA,Dominica,Active,761443200000,Active,761443200000,,Inactive,-2209161600000,Inactive,-2209161600000,,Regional Bureau for the Americas ,Americas,North America and the Caribbean,USA RO ABC,Inactive,NA,{BEA60036-0B7A-453C-9ECF-A8AA4D9CBF82},RBA,212,Dominica,Dominica,دومينيكا,Dominique,Доминика,多米尼克,Americas,Latin America and the Caribbean,Caribbean,DMA,DMA,NA,1666109157000
205,NOR,Norway,Active,-529459200000,Active,-66096000000,,Active,-413942400000,Active,50716800000,,Regional Bureau for Europe,Europe,"Northern, Western, Central and Southern Europe",SWE RO ABC,Inactive,NA,{D98B9AD1-4B8C-4545-B0AC-F1B21DF2AD80},RBE,578,Norway,Noruega,النرويج,Norvège,Норвегия,挪威,Europe,,Northern Europe,NOR,NOR,NA,1666109157000
211,UZB,Uzbekistan,Inactive,-2209161600000,Inactive,-2209161600000,,Inactive,-2209161600000,Inactive,-2209161600000,,Regional Bureau for Asia and the Pacific,Asia and the Pacific,Central Asia,KAZ RO ABC,Inactive,NA,{6E97B170-0DFE-4080-9EFC-1C535086A961},RBAP,860,Uzbekistan,Uzbekistán,أوزبكستان,Ouzbékistan,Узбекистан,乌兹别克斯坦,Asia,,Central Asia,UZB,UZB,NA,1666109157000
87,CHL,Chile,Active,65404800000,Active,73180800000,,Active,1523404800000,Active,1523404800000,,Regional Bureau for the Americas ,Americas,Latin America,ARG RO ABC,Inactive,NA,{EB9A2F28-B904-45A0-A511-B92D31CA6C11},RBA,152,Chile,Chile,شيلي,Chili,Чили,智利,Americas,Latin America and the Caribbean,South America,CHL,CHL,NA,1666109157000
29,IND,India,Inactive,-2209161600000,Inactive,-2209161600000,,Inactive,-2209161600000,Inactive,-2209161600000,,Regional Bureau for Asia and the Pacific,Asia and the Pacific,South Asia,IND ABC,Inactive,NA,{A83E68E3-FD40-4762-8049-1D834502578F},RBAP,356,India,India,الهند,Inde,Индия,印度,Asia,,Southern Asia,IND,IND,NA,1666109157000
134,TCA,Turks and Caicos Islands (GBR),Active,-2209161600000,Active,-2209161600000,,Inactive,-2209161600000,Inactive,-2209161600000,,Regional Bureau for Europe,Americas,North America and the Caribbean,USA RO ABC,Inactive,NA,{ED60883B-449C-4B62-BAA5-F813173A5808},RBE,796,Turks and Caicos Islands,Islas Turcas y Caicos,جزر تركس وكايكوس,Îles Turques-et-Caïques,Острова Теркс и Кайкос,特克斯和凯科斯群岛,Americas,Latin America and the Caribbean,Caribbean,TCI,GBR,NA,1666109157000
215,CAN,Canada,Active,-18230400000,Active,-18230400000,,Inactive,-2209161600000,Active,269481600000,,Regional Bureau for the Americas ,Americas,North America and the Caribbean,CAN ABC,Inactive,NA,{3EF7BE4A-00E0-4280-B8E8-67C1A932826A},RBA,124,Canada,Canadá,كندا,Canada,Канада,加拿大,Americas,,Northern America,CAN,CAN,NA,1666109157000
184,MDV,Maldives,Inactive,-2209161600000,Inactive,-2209161600000,,Inactive,-2209161600000,Inactive,-2209161600000,,Regional Bureau for Asia and the Pacific,Asia and the Pacific,South East Asia,THA RO ABC,Inactive,NA,{70835811-210E-4069-AC29-E9EF70E72079},RBAP,462,Maldives,Maldivas,ملديف,Maldives,Мальдивские Острова,马尔代夫,Asia,,Southern Asia,MDV,MDV,NA,1666109157000
93,MNE,Montenegro,Active,1160438400000,Active,1160438400000,,Active,1161561600000,Active,1386201600000,,Regional Bureau for Europe,Europe,South-Eastern Europe,BIH RO ABC,Inactive,NA,{A925C41A-301F-4101-835A-7544FE7CBF37},RBE,499,Montenegro,Montenegro,الجبل الأسود,Monténégro,Черногория,黑山,Europe,,Southern Europe,MNE,MNE,NA,1666109157000
218,NAM,Namibia,Active,792979200000,Active,792979200000,,Inactive,-2209161600000,Inactive,-2209161600000,,Regional Bureau for Southern Africa,Africa,Southern Africa,ZAF RO ABC,Inactive,NA,{C7CBC5CE-54A2-41B2-ADB3-4319C41EA953},RBSA,516,Namibia,Namibia,ناميبيا,Namibie,Намибия,纳米比亚,Africa,Sub-Saharan Africa,Southern Africa,NAM,NAM,NA,1666109157000
157,ARM,Armenia,Active,741916800000,Active,741916800000,,Active,769219200000,Active,769219200000,,Regional Bureau for Europe,Europe,Eastern Europe,GEO RO ABC,Inactive,NA,{F9B79398-B1FD-4F65-BA88-CDAFCAE33A58},RBE,51,Armenia,Armenia,أرمينيا,Arménie,Армения,亚美尼亚,Asia,,Western Asia,ARM,ARM,NA,1666109157000
82,ZAF,South Africa,Active,821404800000,Active,821404800000,,Inactive,-2209161600000,Inactive,-2209161600000,,Regional Bureau for Southern Africa,Africa,Southern Africa,ZAF RO ABC,Inactive,NA,{BBC2B648-63FD-4CB6-8B10-CC03C6D288B4},RBSA,710,South Africa,Sudáfrica,جنوب أفريقيا,Afrique du Sud,Южная Африка,南非,Africa,Sub-Saharan Africa,Southern Africa,RSA,ZAF,NA,1666109157000
99,ERI,Eritrea,Inactive,-2209161600000,Inactive,-2209161600000,,Inactive,-2209161600000,Inactive,-2209161600000,,"Regional Bureau for the East and Horn of Africa, and Great Lakes",Africa,East and Horn of Africa,ERI ABC,Inactive,NA,{22D97FD8-BB42-4CA8-936F-9B3829ECFB49},RBEHAGL,232,Eritrea,Eritrea,إريتريا,Érythrée,Эритрея,厄立特里亚,Africa,Sub-Saharan Africa,Eastern Africa,ERT,ERI,NA,1666109157000
201,TON,Tonga,Inactive,-2209161600000,Inactive,-2209161600000,,Inactive,-2209161600000,Inactive,-2209161600000,,Regional Bureau for Asia and the Pacific,Asia and the Pacific,East Asia and the Pacific,AUS RO ABC,Inactive,NA,{E9F6A3BE-28E3-4EAC-A800-F585414C6CE8},RBAP,776,Tonga,Tonga,تونغا,Tonga,Тонга,汤加,Oceania,,Polynesia,TON,TON,NA,1666109157000
38,PYF,French Polynesia (FRA),Active,-2209161600000,Active,-2209161600000,,Inactive,-2209161600000,Inactive,-2209161600000,,Regional Bureau for Europe,Asia and the Pacific,East Asia and the Pacific,None,Inactive,NA,{00B2339F-782B-4F0A-91E9-9437E14688C6},RBE,258,French Polynesia,Polinesia Francesa,بولينيزيا الفرنسية,Polynésie française,Французская Полинезия,法属波利尼西亚,Oceania,,Polynesia,FPO,FRA,NA,1666109157000
123,TLS,Timor-Leste,Active,1052265600000,Active,1052265600000,,Inactive,-2209161600000,Inactive,-2209161600000,,Regional Bureau for Asia and the Pacific,Asia and the Pacific,South East Asia,THA RO ABC,Inactive,NA,{8F1D072C-BF83-4790-97FB-0BB54A7E187A},RBAP,626,Timor-Leste,Timor-Leste,تيمور - ليشتي,Timor-Leste,Тимор-Лешти,东帝汶,Asia,,South-eastern Asia,TMP,TLS,NA,1666109157000
180,PRI,Puerto Rico (USA),Active,-2209161600000,Active,-2209161600000,,Inactive,-2209161600000,Inactive,-2209161600000,,Regional Bureau for the Americas ,Americas,North America and the Caribbean,0,Inactive,NA,{ACEFC9A6-B751-4261-B4D9-CF2A71D519DC},RBA,630,Puerto Rico,Puerto Rico,بورتوريكو,Porto Rico,Пуэрто-Рико,波多黎各,Americas,Latin America and the Caribbean,Caribbean,PUE,USA,NA,1666109157000
172,DEU,Germany,Active,-507600000000,Active,-4924800000,,Active,215136000000,Active,241833600000,,Regional Bureau for Europe,Europe,"Northern, Western, Central and Southern Europe",DEU ABC,Inactive,NA,{ACC9455D-FE07-49B3-9748-293DB7676FCC},RBE,276,Germany,Alemania,ألمانيا,Allemagne,Германия,德国,Europe,,Western Europe,GFR,DEU,NA,1666109157000
105,PNG,Papua New Guinea,Active,521942400000,Active,521942400000,,Inactive,-2209161600000,Inactive,-2209161600000,,Regional Bureau for Asia and the Pacific,Asia and the Pacific,East Asia and the Pacific,AUS RO ABC,Inactive,NA,{21F4D4DD-3E21-4B12-9698-3ADB4C1B9FC9},RBAP,598,Papua New Guinea,Papua Nueva Guinea,بابوا غينيا الجديدة,Papouasie-Nouvelle-Guinée,Папуа-Новая Гвинея,巴布亚新几内亚,Oceania,,Melanesia,PNG,PNG,NA,1666109157000
128,MYS,Malaysia,Inactive,-2209161600000,Inactive,-2209161600000,,Inactive,-2209161600000,Inactive,-2209161600000,,Regional Bureau for Asia and the Pacific,Asia and the Pacific,South East Asia,MYS ABC,Inactive,NA,{4778F6A7-A195-4736-9F60-A265F6D90672},RBAP,458,Malaysia,Malasia,ماليزيا,Malaisie,Малайзия,马来西亚,Asia,,South-eastern Asia,MLS,MYS,NA,1666109157000
86,SYR,Syrian Arab Republic,Inactive,-2209161600000,Inactive,-2209161600000,,Inactive,-2209161600000,Inactive,-2209161600000,,Regional Bureau for the Middle East and North Africa,Middle East and North Africa,Middle East,SYR ABC,Inactive,NA,{57ECE3E3-D390-430B-96D4-AEF5B735C2F5},RBMENA,760,Syrian Arab Republic,República Árabe Siria,الجمهورية العربية السورية,République arabe syrienne,Сирийская Арабская Республика,阿拉伯叙利亚共和国,Asia,,Western Asia,SYR,SYR,NA,1666109157000
85,IRQ,Iraq,Inactive,-2209161600000,Inactive,-2209161600000,,Inactive,-2209161600000,Inactive,-2209161600000,,Regional Bureau for the Middle East and North Africa,Middle East and North Africa,Middle East,IRQ ABC,Inactive,NA,{54BFA0F8-E8CA-4C83-A2A0-398D14F6878C},RBMENA,368,Iraq,Iraq,العراق,Iraq,Ирак,伊拉克,Asia,,Western Asia,IRQ,IRQ,NA,1666109157000
24,CPV,Cape Verde,Inactive,-2209161600000,Active,552787200000,Signatory to Protocol only,Inactive,-2209161600000,Inactive,-2209161600000,,Regional Bureau for West and Central Africa,Africa,West Africa,SEN RO ABC,Inactive,NA,{DC91550C-DE77-4986-A476-66D96940CD8E},RBWCA,132,Cabo Verde,Cabo Verde,كابو فيردي,Cabo Verde,Кабо-Верде,佛得角,Africa,Sub-Saharan Africa,Western Africa,CVI,CPV,NA,1666109157000
108,SVN,Slovenia,Active,710380800000,Active,710380800000,,Active,710380800000,Inactive,-2209161600000,,Regional Bureau for Europe,Europe,"Northern, Western, Central and Southern Europe",HUN RO ABC,Inactive,NA,{6391D946-F264-4EFF-A1AC-8A3FE1D03952},RBE,705,Slovenia,Eslovenia,سلوفينيا,Slovénie,Словения,斯洛文尼亚,Europe,,Southern Europe,SVN,SVN,NA,1666109157000
207,SXM,Sint Maarten (K. of the Netherlands),Inactive,-2209161600000,Inactive,-2209161600000,,Inactive,-2209161600000,Inactive,-2209161600000,,Regional Bureau for Europe,Americas,North America and the Caribbean,USA RO ABC,Inactive,NA,{D811F85E-6761-450F-B531-923A530D58D7},RBE,534,Sint Maarten (Dutch part),San Martín (parte Holandesa),سانت مارتن (الجزء الهولندي),Saint-Martin (partie néerlandaise),Синт-Мартен (нидерландская часть),圣马丁（荷属）,Americas,Latin America and the Caribbean,Caribbean,SXM,SXM,NA,1666109157000
70,ZWE,Zimbabwe,Active,367545600000,Active,367545600000,,Active,912470400000,Inactive,-2209161600000,,Regional Bureau for Southern Africa,Africa,Southern Africa,ZWE ABC,Inactive,NA,{781A4509-E983-44F3-969C-16A4ECB4C6A7},RBSA,716,Zimbabwe,Zimbabwe,زمبابوي,Zimbabwe,Зимбабве,津巴布韦,Africa,Sub-Saharan Africa,Eastern Africa,ZIM,ZWE,NA,1666109157000
43,GRD,Grenada,Inactive,-2209161600000,Inactive,-2209161600000,,Inactive,-2209161600000,Inactive,-2209161600000,,Regional Bureau for the Americas ,Americas,North America and the Caribbean,USA RO ABC,Inactive,NA,{E0D9FE19-57C7-4BC9-844A-D5B5209AF9A5},RBA,308,Grenada,Granada,غرينادا,Grenade,Гренада,格林纳达,Americas,Latin America and the Caribbean,Caribbean,GRN,GRD,NA,1666109157000
8,KGZ,Kyrgyzstan,Active,844732800000,Active,844732800000,,Inactive,-2209161600000,Inactive,-2209161600000,,Regional Bureau for Asia and the Pacific,Asia and the Pacific,Central Asia,KGZ ABC,Inactive,NA,{8C19CC20-7527-4DC5-A5C3-EF6FB38DBE43},RBAP,417,Kyrgyzstan,Kirguistán,قيرغيزستان,Kirghizistan,Кыргызстан,吉尔吉斯斯坦,Asia,,Central Asia,KGZ,KGZ,NA,1666109157000
114,HRV,Croatia,Active,718848000000,Active,718848000000,,Active,718848000000,Active,1316649600000,,Regional Bureau for Europe,Europe,"Northern, Western, Central and Southern Europe",HUN RO ABC,Inactive,NA,{95862D30-8A46-420E-9AC8-9F43BCFA0105},RBE,191,Croatia,Croacia,كرواتيا,Croatie,Хорватия,克罗地亚,Europe,,Southern Europe,HRV,HRV,NA,1666109157000
209,URY,Uruguay,Active,22809600000,Active,22809600000,,Active,1080864000000,Active,1001030400000,,Regional Bureau for the Americas ,Americas,Latin America,ARG RO ABC,Inactive,NA,{2797DFB3-A7C8-4F79-8F43-0829A5C98437},RBA,858,Uruguay,Uruguay,أوروغواي,Uruguay,Уругвай,乌拉圭,Americas,Latin America and the Caribbean,South America,URU,URY,NA,1666109157000
75,FSM,Federated States of Micronesia,Inactive,-2209161600000,Inactive,-2209161600000,,Inactive,-2209161600000,Inactive,-2209161600000,,Regional Bureau for Asia and the Pacific,Asia and the Pacific,East Asia and the Pacific,AUS RO ABC,Inactive,NA,{671DCD88-5E15-4BC9-B8F6-A5AEE1F97E8F},RBAP,583,Micronesia (Federated States of),Micronesia (Estados Federados de),ميكرونيزيا (ولايات - الموحدة),Micronésie (États fédérés de),Микронезия (Федеративные Штаты),密克罗尼西亚联邦,Oceania,,Micronesia,FSM,FSM,NA,1666109157000
188,ETH,Ethiopia,Active,-4492800000,Active,-4492800000,,Inactive,-2209161600000,Inactive,-2209161600000,,"Regional Bureau for the East and Horn of Africa, and Great Lakes",Africa,East and Horn of Africa,ETH ABC,Inactive,NA,{9B8F1B3B-E5B1-4C14-A6E7-365120264B29},RBEHAGL,231,Ethiopia,Etiopía,إثيوبيا,Éthiopie,Эфиопия,埃塞俄比亚,Africa,Sub-Saharan Africa,Eastern Africa,ETH,ETH,NA,1666109157000
64,LCA,Saint Lucia,Inactive,-2209161600000,Inactive,-2209161600000,,Inactive,-2209161600000,Inactive,-2209161600000,,Regional Bureau for the Americas ,Americas,North America and the Caribbean,USA RO ABC,Inactive,NA,{8DC87117-007E-4F15-B743-7EFCB655802D},RBA,662,Saint Lucia,Santa Lucía,سانت لوسيا,Sainte-Lucie,Сент-Люсия,圣卢西亚,Americas,Latin America and the Caribbean,Caribbean,LCA,LCA,NA,1666109157000
162,NGA,Nigeria,Active,-69206400000,Active,-52617600000,,Active,1316476800000,Active,1316476800000,,Regional Bureau for West and Central Africa,Africa,West Africa,NGA ABC,Inactive,NA,{6C806ABD-1006-4FC0-A9E6-E110C0CCD8A8},RBWCA,566,Nigeria,Nigeria,نيجيريا,Nigéria,Нигерия,尼日利亚,Africa,Sub-Saharan Africa,Western Africa,NIG,NGA,NA,1666109157000
107,TGO,Togo,Active,-247536000000,Active,-2678400000,,Inactive,-2209161600000,Inactive,-2209161600000,,Regional Bureau for West and Central Africa,Africa,West Africa,SEN RO ABC,Inactive,NA,{3E042BD7-9DF5-4AFF-B89B-65425688366A},RBWCA,768,Togo,Togo,توغو,Togo,Того,多哥,Africa,Sub-Saharan Africa,Western Africa,TOG,TGO,NA,1666109157000
49,BLZ,Belize,Active,646444800000,Active,646444800000,,Active,1158192000000,Active,1439510400000,,Regional Bureau for the Americas ,Americas,North America and the Caribbean,USA RO ABC,Inactive,NA,{B7C025D5-07F0-4301-B873-85413A023578},RBA,84,Belize,Belice,بليز,Belize,Белиз,伯利兹,Americas,Latin America and the Caribbean,Central America,BZE,BLZ,NA,1666109157000
202,KWT,Kuwait,Inactive,-2209161600000,Inactive,-2209161600000,,Inactive,-2209161600000,Inactive,-2209161600000,,Regional Bureau for the Middle East and North Africa,Middle East and North Africa,Middle East,SAU ABC,Inactive,NA,{1CFA94F5-0789-48A1-A661-6267622907C0},RBMENA,414,Kuwait,Kuwait,الكويت,Koweït,Кувейт,科威特,Asia,,Western Asia,KUW,KWT,NA,1666109157000
141,BDI,Burundi,Active,-203731200000,Active,37843200000,,Inactive,-2209161600000,Inactive,-2209161600000,,"Regional Bureau for the East and Horn of Africa, and Great Lakes",Africa,Central Africa and the Great Lakes,BDI ABC,Inactive,NA,{4B4BF1D4-D7F0-4504-BA21-9D465C452FCE},RBEHAGL,108,Burundi,Burundi,بوروندي,Burundi,Бурунди,布隆迪,Africa,Sub-Saharan Africa,Eastern Africa,BDI,BDI,NA,1666109157000
139,BIH,Bosnia and Herzegovina,Active,746841600000,Active,746841600000,,Active,746841600000,Active,850435200000,,Regional Bureau for Europe,Europe,South-Eastern Europe,BIH RO ABC,Inactive,NA,{50EB9210-6D09-4BB7-A907-80A70CA6AD92},RBE,70,Bosnia and Herzegovina,Bosnia y Herzegovina,البوسنة والهرسك,Bosnie-Herzégovine,Босния и Герцеговина,波斯尼亚和黑塞哥维那,Europe,,Southern Europe,BSN,BIH,NA,1666109157000
203,BRB,Barbados,Inactive,-2209161600000,Inactive,-2209161600000,,Active,68688000000,Inactive,-2209161600000,,Regional Bureau for the Americas ,Americas,North America and the Caribbean,USA RO ABC,Inactive,NA,{8062215B-6F60-4EC7-9A51-09DEE29E7116},RBA,52,Barbados,Barbados,بربادوس,Barbade,Барбадос,巴巴多斯,Americas,Latin America and the Caribbean,Caribbean,BAR,BRB,NA,1666109157000
148,KIR,Kiribati,Inactive,-2209161600000,Inactive,-2209161600000,,Active,438912000000,Active,438912000000,,Regional Bureau for Asia and the Pacific,Asia and the Pacific,East Asia and the Pacific,None,Inactive,NA,{7CFC54A1-4E63-418F-A74B-465A5A2A3E18},RBAP,296,Kiribati,Kiribati,كيريباس,Kiribati,Кирибати,基里巴斯,Oceania,,Micronesia,KIR,KIR,NA,1666109157000
222,MMR,Myanmar,Inactive,-2209161600000,Inactive,-2209161600000,,Inactive,-2209161600000,Inactive,-2209161600000,,Regional Bureau for Asia and the Pacific,Asia and the Pacific,South East Asia,MMR ABC,Inactive,NA,{1421674D-EB7E-4984-8C53-DABC2CBC6EF6},RBAP,104,Myanmar,Myanmar,ميانمار,Myanmar,Мьянма,缅甸,Asia,,South-eastern Asia,MYA,MMR,NA,1666109157000
187,REU,Reunion (FRA),Active,-2209161600000,Active,-2209161600000,,Inactive,-2209161600000,Inactive,-2209161600000,,Regional Bureau for Europe,Africa,Southern Africa,0,Inactive,NA,{EABF2AB9-EFF7-4526-A6D1-ADE3208D5F58},RBE,638,Réunion,Reunión,ريونيون,Réunion,Реюньон,留尼汪,Africa,Sub-Saharan Africa,Eastern Africa,NA,FRA,NA,1666109157000
110,ITA,Italy,Active,-477446400000,Active,65232000000,,Active,-223430400000,Active,1448928000000,,Regional Bureau for Europe,Europe,"Northern, Western, Central and Southern Europe",ITA RO ABC,Inactive,NA,{F2EB70BD-5B38-4AB8-91F3-514518BDD851},RBE,380,Italy,Italia,إيطاليا,Italie,Италия,意大利,Europe,,Southern Europe,ITA,ITA,NA,1666109157000
69,BGR,Bulgaria,Active,737164800000,Active,737164800000,,Active,1332374400000,Active,1332374400000,,Regional Bureau for Europe,Europe,"Northern, Western, Central and Southern Europe",HUN RO ABC,Inactive,NA,{F9205A6E-17C1-4F1C-AB94-AF6DAB981FA5},RBE,100,Bulgaria,Bulgaria,بلغاريا,Bulgarie,Болгария,保加利亚,Europe,,Eastern Europe,BUL,BGR,NA,1666109157000
165,CUB,Cuba,Inactive,-2209161600000,Inactive,-2209161600000,,Inactive,-2209161600000,Inactive,-2209161600000,,Regional Bureau for the Americas ,Americas,Latin America,PAN RO ABC,Inactive,NA,{3EF10BF6-3285-4E8D-B88F-CE60A941A295},RBA,192,Cuba,Cuba,كوبا,Cuba,Куба,古巴,Americas,Latin America and the Caribbean,Caribbean,CUB,CUB,NA,1666109157000
191,TUV,Tuvalu,Active,510537600000,Active,510537600000,,Inactive,-2209161600000,Inactive,-2209161600000,,Regional Bureau for Asia and the Pacific,Asia and the Pacific,East Asia and the Pacific,None,Inactive,NA,{0DA11B76-2856-4DD5-86E5-B51F92E0A262},RBAP,798,Tuvalu,Tuvalu,توفالو,Tuvalu,Тувалу,图瓦卢,Oceania,,Polynesia,TUV,TUV,NA,1666109157000
127,KNA,Saint Kitts and Nevis,Active,1012521600000,Inactive,-2209161600000,Signatory to Convention only,Inactive,-2209161600000,Inactive,-2209161600000,,Regional Bureau for the Americas ,Americas,North America and the Caribbean,USA RO ABC,Inactive,NA,{90679B37-01CF-46B9-8574-7CBD6B26D472},RBA,659,Saint Kitts and Nevis,Saint Kitts y Nevis,سانت كيتس ونيفس,Saint-Kitts-et-Nevis,Сент-Китс и Невис,圣基茨和尼维斯,Americas,Latin America and the Caribbean,Caribbean,STK,KNA,NA,1666109157000
6,PRY,Paraguay,Active,7776000000,Active,7776000000,,Active,1404172800000,Active,1338940800000,,Regional Bureau for the Americas ,Americas,Latin America,ARG RO ABC,Inactive,NA,{255B31E6-B7D0-45C1-A114-D05BDB9E820D},RBA,600,Paraguay,Paraguay,باراغواي,Paraguay,Парагвай,巴拉圭,Americas,Latin America and the Caribbean,South America,PAR,PRY,NA,1666109157000
129,MLT,Malta,Active,45964800000,Active,53740800000,,Active,1576022400000,Inactive,-2209161600000,,Regional Bureau for Europe,Europe,"Northern, Western, Central and Southern Europe",ITA RO ABC,Inactive,NA,{88B6C4D6-455F-4528-BD0E-7935E9E8D348},RBE,470,Malta,Malta,مالطة,Malte,Мальта,马耳他,Europe,,Southern Europe,MTA,MLT,NA,1666109157000
152,SMR,San Marino,Inactive,-2209161600000,Inactive,-2209161600000,,Inactive,-2209161600000,Inactive,-2209161600000,,Regional Bureau for Europe,Europe,"Northern, Western, Central and Southern Europe",0,Inactive,NA,{7A6A2D7D-8BC4-49A1-9A48-951847963A57},RBE,674,San Marino,San Marino,سان مارينو,Saint-Marin,Сан-Марино,圣马力诺,Europe,,Southern Europe,SMA,SMR,NA,1666109157000
239,JEY,Jersey (GBR),Inactive,-2209161600000,Inactive,-2209161600000,,Inactive,-2209161600000,Inactive,-2209161600000,,,,,,Inactive,,{C945D9A3-F3F3-47FE-8F0D-95DE5272E104},NA,832,Jersey,Jersey,جيرسي,Jersey,Джерси,泽西,Europe,,Northern Europe,NA,GBR,NA,1666109157000
238,GGY,Guernsey (GBR),Inactive,-2209161600000,Inactive,-2209161600000,,Inactive,-2209161600000,Inactive,-2209161600000,,,,,,Inactive,,{1F439D42-B3C4-472E-B1EE-D759A715C194},NA,831,Guernsey,Guernsey,غيرنسي,Guernesey,Гернси,格恩西,Europe,,Northern Europe,NA,GBR,NA,1666109157000
236,BVT,Bouvet Island (NOR),Inactive,-2209161600000,Inactive,-2209161600000,,Inactive,-2209161600000,Inactive,-2209161600000,,,,,,Inactive,,{57A6482E-1EA4-498A-A7F4-7BD00155F4D2},NA,74,Bouvet Island,Isla Bouvet,جزيرة بوفيت,Île Bouvet,Остров Буве,布维岛,Americas,Latin America and the Caribbean,South America,NA,NOR,NA,1666109157000
234,SHN,Saint Helena (GBR),Inactive,-2209161600000,Inactive,-2209161600000,,Inactive,-2209161600000,Inactive,-2209161600000,,,,,,Inactive,,{13FCB780-EEA7-40E7-927F-ADC9A46A8A22},NA,654,Saint Helena,Santa Elena,سانت هيلانة,Sainte-Hélène,Остров Святой Елены,圣赫勒拿,Africa,Sub-Saharan Africa,Western Africa,NA,GBR,NA,1666109157000
56,LBR,Liberia,Active,-164505600000,Active,320457600000,,Active,-167443200000,Active,1095811200000,,Regional Bureau for West and Central Africa,Africa,West Africa,LBR ABC,Inactive,NA,{8CE0E771-9332-4630-93FA-F9B8AAD6E15E},RBWCA,430,Liberia,Liberia,ليبريا,Libéria,Либерия,利比里亚,Africa,Sub-Saharan Africa,Western Africa,LBR,LBR,NA,1666109157000
116,DNK,Denmark,Active,-538876800000,Active,-60739200000,,Active,-440467200000,Active,237427200000,,Regional Bureau for Europe,Europe,"Northern, Western, Central and Southern Europe",SWE RO ABC,Inactive,NA,{4E9B8D53-6B78-4C9F-9A6E-D9405B7495B8},RBE,208,Denmark,Dinamarca,الدانمرك,Danemark,Дания,丹麦,Europe,,Northern Europe,DEN,DNK,NA,1666109157000
83,BLR,Belarus,Active,998524800000,Active,998524800000,,Inactive,-2209161600000,Inactive,-2209161600000,,Regional Bureau for Europe,Europe,Eastern Europe,BLR ABC,Inactive,NA,{E57A552D-288A-4305-9ADF-FBDC512E7FB1},RBE,112,Belarus,Belarús,بيلاروس,Bélarus,Беларусь,白俄罗斯,Europe,,Eastern Europe,BLR,BLR,NA,1666109157000
158,MWI,Malawi,Active,566092800000,Active,566092800000,,Active,1254873600000,Inactive,-2209161600000,,Regional Bureau for Southern Africa,Africa,Southern Africa,MWI ABC,Inactive,NA,{8542EBE2-7533-435C-89E2-B00732AD665D},RBSA,454,Malawi,Malawi,ملاوي,Malawi,Малави,马拉维,Africa,Sub-Saharan Africa,Eastern Africa,MLW,MWI,NA,1666109157000
192,BRN,Brunei Darussalam,Inactive,-2209161600000,Inactive,-2209161600000,,Inactive,-2209161600000,Inactive,-2209161600000,,Regional Bureau for Asia and the Pacific,Asia and the Pacific,South East Asia,THA RO ABC,Inactive,NA,{3F77BB10-A29A-46A0-8753-CAA00C8D9BF2},RBAP,96,Brunei Darussalam,Brunei Darussalam,بروني دار السلام,Brunéi Darussalam,Бруней-Даруссалам,文莱达鲁萨兰国,Asia,,South-eastern Asia,BRU,BRN,NA,1666109157000
183,IRL,Ireland,Active,-413078400000,Active,-36374400000,,Active,-222220800000,Active,96163200000,,Regional Bureau for Europe,Europe,"Northern, Western, Central and Southern Europe",BEL RO ABC,Inactive,NA,{EB977263-CDB1-4AD2-B267-9EB388EA244F},RBE,372,Ireland,Irlanda,آيرلندا,Irlande,Ирландия,爱尔兰,Europe,,Northern Europe,IRE,IRL,NA,1666109157000
225,SLE,Sierra Leone,Active,359337600000,Active,359337600000,,Active,1462752000000,Active,1462752000000,,Regional Bureau for West and Central Africa,Africa,West Africa,SEN RO ABC,Inactive,NA,{2D6B4A25-343D-449A-BFEE-8D4BA38EF9AC},RBWCA,694,Sierra Leone,Sierra Leona,سيراليون,Sierra Leone,Сьерра-Леоне,塞拉利昂,Africa,Sub-Saharan Africa,Western Africa,SLE,SLE,NA,1666109157000
115,COL,Colombia,Active,-259632000000,Active,320976000000,,Active,1570406400000,Active,1408060800000,,Regional Bureau for the Americas ,Americas,Latin America,COL ABC,Inactive,NA,{7AB0F693-F06C-44F5-A3DF-75FE8E9749B5},RBA,170,Colombia,Colombia,كولومبيا,Colombie,Колумбия,哥伦比亚,Americas,Latin America and the Caribbean,South America,COL,COL,NA,1666109157000
111,TZA,United Republic of Tanzania,Active,-177984000000,Active,-41817600000,,Inactive,-2209161600000,Inactive,-2209161600000,,"Regional Bureau for the East and Horn of Africa, and Great Lakes",Africa,Central Africa and the Great Lakes,TZA ABC,Inactive,NA,{B898A7F3-23FC-4911-AC95-0C6BD7689E2F},RBEHAGL,834,United Republic of Tanzania,República Unida de Tanzanía,جمهورية تنزانيا المتحدة,République-Unie de Tanzanie,Объединенная Республика Танзания,坦桑尼亚联合共和国,Africa,Sub-Saharan Africa,Eastern Africa,TAN,TZA,NA,1666109157000
100,LIE,Liechtenstein,Active,-404524800000,Active,-51062400000,,Active,1253836800000,Active,1253836800000,,Regional Bureau for Europe,Europe,"Northern, Western, Central and Southern Europe",BEL RO ABC,Inactive,NA,{EF1187DF-F550-487F-99F4-95B0662CE559},RBE,438,Liechtenstein,Liechtenstein,ليختنشتاين,Liechtenstein,Лихтенштейн,列支敦士登,Europe,,Western Europe,LIE,LIE,NA,1666109157000
214,SSD,South Sudan,Active,1538352000000,Active,1538352000000,,Inactive,-2209161600000,Inactive,-2209161600000,,"Regional Bureau for the East and Horn of Africa, and Great Lakes",Africa,East and Horn of Africa,SSD ABC,Inactive,NA,{82929EC4-1853-4CB7-9F42-57A24703484A},RBEHAGL,728,South Sudan,Sudán del Sur,جنوب السودان,Soudan du Sud,Южный Судан,南苏丹,Africa,Sub-Saharan Africa,Eastern Africa,SSD,SSD,NA,1666109157000
61,BMU,Bermuda (GBR),Inactive,-2209161600000,Inactive,-2209161600000,,Inactive,-2209161600000,Inactive,-2209161600000,,Regional Bureau for Europe,Americas,North America and the Caribbean,USA RO ABC,Inactive,NA,{CA0E74CD-FD3E-4D95-A35A-FB1B049E78B5},RBE,60,Bermuda,Bermuda,برمودا,Bermudes,Бермудские острова,百慕大,Americas,,Northern America,BER,GBR,NA,1666109157000
216,BHR,Bahrain,Inactive,-2209161600000,Inactive,-2209161600000,,Inactive,-2209161600000,Inactive,-2209161600000,,Regional Bureau for the Middle East and North Africa,Middle East and North Africa,Middle East,SAU ABC,Inactive,NA,{966659FD-F796-462D-A885-C26C86633C56},RBMENA,48,Bahrain,Bahrein,البحرين,Bahreïn,Бахрейн,巴林,Asia,,Western Asia,BAH,BHR,NA,1666109157000
168,AGO,Angola,Active,362102400000,Active,362102400000,,Active,1570406400000,Active,1570406400000,,Regional Bureau for Southern Africa,Africa,Southern Africa,AGO ABC,Inactive,NA,{1E39DE48-33C8-4E68-95B2-4DED544B40E5},RBSA,24,Angola,Angola,أنغولا,Angola,Ангола,安哥拉,Africa,Sub-Saharan Africa,Middle Africa,ANG,AGO,NA,1666109157000
7,CAF,Central African Republic,Active,-231206400000,Active,-73872000000,,Inactive,-2209161600000,Inactive,-2209161600000,,Regional Bureau for West and Central Africa,Africa,Central Africa and the Great Lakes,CAF ABC,Inactive,NA,{291C9D72-4E11-4182-AA7D-24FBC51E6183},RBWCA,140,Central African Republic,República Centroafricana,جمهورية أفريقيا الوسطى,République centrafricaine,Центральноафриканская Республика,中非共和国,Africa,Sub-Saharan Africa,Middle Africa,CAR,CAF,NA,1666109157000
101,CHN,China,Active,401673600000,Active,401673600000,,Inactive,-2209161600000,Inactive,-2209161600000,,Regional Bureau for Asia and the Pacific,Asia and the Pacific,East Asia and the Pacific,CHN RO ABC,Inactive,NA,{FA132CD2-658A-459D-B5AC-C846DA4DAFDC},RBAP,156,China,China,الصين,Chine,Китай,中国,Asia,,Eastern Asia,CHI,CHN,NA,1666109157000
159,CRI,Costa Rica,Active,259891200000,Active,259891200000,,Active,247276800000,Active,247276800000,,Regional Bureau for the Americas ,Americas,Latin America,CRI ABC,Inactive,NA,{9E362A5A-E17C-4227-B0CF-71083BFCCCED},RBA,188,Costa Rica,Costa Rica,كوستاريكا,Costa Rica,Коста-Рика,哥斯达黎加,Americas,Latin America and the Caribbean,Central America,COS,CRI,NA,1666109157000
95,BHS,Bahamas,Active,748051200000,Active,748051200000,,Inactive,-2209161600000,Inactive,-2209161600000,,Regional Bureau for the Americas ,Americas,North America and the Caribbean,USA RO ABC,Inactive,NA,{3DF73618-66F8-46C8-B6A6-27CFDF3072AD},RBA,44,Bahamas,Bahamas,جزر البهاما,Bahamas,Багамские Острова,巴哈马,Americas,Latin America and the Caribbean,Caribbean,BHS,BHS,NA,1666109157000
68,EST,Estonia,Active,860630400000,Active,860630400000,,Inactive,-2209161600000,Inactive,-2209161600000,,Regional Bureau for Europe,Europe,"Northern, Western, Central and Southern Europe",SWE RO ABC,Inactive,NA,{D7472F3F-E421-462E-A53B-21160FB9F792},RBE,233,Estonia,Estonia,إستونيا,Estonie,Эстония,爱沙尼亚,Europe,,Northern Europe,EST,EST,NA,1666109157000
156,VUT,Vanuatu,Inactive,-2209161600000,Inactive,-2209161600000,,Inactive,-2209161600000,Inactive,-2209161600000,,Regional Bureau for Asia and the Pacific,Asia and the Pacific,East Asia and the Pacific,AUS RO ABC,Inactive,NA,{3113D865-12B1-41E3-A128-C0B28A08FA45},RBAP,548,Vanuatu,Vanuatu,فانواتو,Vanuatu,Вануату,瓦努阿图,Oceania,,Melanesia,VAN,VUT,NA,1666109157000
169,LKA,Sri Lanka,Inactive,-2209161600000,Inactive,-2209161600000,,Inactive,-2209161600000,Inactive,-2209161600000,,Regional Bureau for Asia and the Pacific,Asia and the Pacific,South Asia,LKA ABC,Inactive,NA,{9BA6FD1B-51CE-4392-9EB9-B981B778E391},RBAP,144,Sri Lanka,Sri Lanka,سري لانكا,Sri Lanka,Шри-Ланка,斯里兰卡,Asia,,Southern Asia,LKA,LKA,NA,1666109157000
117,POL,Poland,Active,685929600000,Active,685929600000,,Inactive,-2209161600000,Inactive,-2209161600000,,Regional Bureau for Europe,Europe,"Northern, Western, Central and Southern Europe",HUN RO ABC,Inactive,NA,{EE39171D-B09E-4925-9DD3-76ABBB53ACE0},RBE,616,Poland,Polonia,بولندا,Pologne,Польша,波兰,Europe,,Eastern Europe,POL,POL,NA,1666109157000
171,PAK,Pakistan,Inactive,-2209161600000,Inactive,-2209161600000,,Inactive,-2209161600000,Inactive,-2209161600000,,Regional Bureau for Asia and the Pacific,Asia and the Pacific,South-West Asia,PAK ABC,Inactive,NA,{24340FE6-0C04-4383-86B1-E106A8030992},RBAP,586,Pakistan,Pakistán,باكستان,Pakistan,Пакистан,巴基斯坦,Asia,,Southern Asia,PAK,PAK,NA,1666109157000
74,CMR,Cameroon,Active,-258508800000,Active,-72144000000,,Inactive,-2209161600000,Inactive,-2209161600000,,Regional Bureau for West and Central Africa,Africa,Central Africa and the Great Lakes,CMR ABC,Inactive,NA,{D570218C-EA3B-477C-AA8B-A8EFB8A06266},RBWCA,120,Cameroon,Camerún,الكاميرون,Cameroun,Камерун,喀麦隆,Africa,Sub-Saharan Africa,Middle Africa,CMR,CMR,NA,1666109157000
138,NRU,Nauru,Active,1309219200000,Active,-2209161600000,,Inactive,-2209161600000,Inactive,-2209161600000,,Regional Bureau for Asia and the Pacific,Asia and the Pacific,East Asia and the Pacific,AUS RO ABC,Inactive,NA,{D15E88C6-DE87-4355-9FA1-4D61621CC9ED},RBAP,520,Nauru,Nauru,ناورو,Nauru,Науру,瑙鲁,Oceania,,Micronesia,NRU,NRU,NA,1666109157000
71,LBN,Lebanon,Inactive,-2209161600000,Inactive,-2209161600000,,Inactive,-2209161600000,Inactive,-2209161600000,,Regional Bureau for the Middle East and North Africa,Middle East and North Africa,Middle East,LBN ABC,Inactive,NA,{39D376A1-453B-477D-9FC8-2DB1E6B85622},RBMENA,422,Lebanon,Líbano,لبنان,Liban,Ливан,黎巴嫩,Asia,,Western Asia,LEB,LBN,NA,1666109157000
228,BOL,Plurinational State of Bolivia,Active,382060800000,Active,382060800000,,Active,434246400000,Active,434246400000,,Regional Bureau for the Americas ,Americas,Latin America,ARG RO ABC,Inactive,NA,{464FC90F-4C02-4706-A732-624CD83C3152},RBA,68,Bolivia (Plurinational State of),Bolivia (Estado Plurinacional de),بوليفيا (دولة - المتعددة القوميات),Bolivie (État plurinational de),Боливия (Многонациональное Государство),多民族玻利维亚国,Americas,Latin America and the Caribbean,South America,BOL,BOL,NA,1666109157000
10,BEL,Belgium,Active,-519004800000,Active,-23155200000,,Active,-302918400000,Active,1404172800000,,Regional Bureau for Europe,Europe,"Northern, Western, Central and Southern Europe",BEL RO ABC,Inactive,NA,{80AFE33E-93AE-46ED-8BF4-31E6D98E03A5},RBE,56,Belgium,Bélgica,بلجيكا,Belgique,Бельгия,比利时,Europe,,Western Europe,BEL,BEL,NA,1666109157000
102,GNB,Guinea-Bissau,Active,192844800000,Active,192844800000,,Active,1474243200000,Active,1474243200000,,Regional Bureau for West and Central Africa,Africa,West Africa,SEN RO ABC,Inactive,NA,{82F61392-11BD-4D9F-9E3D-033BFBC0C764},RBWCA,624,Guinea-Bissau,Guinea-Bissau,غينيا - بيساو,Guinée-Bissau,Гвинея-Бисау,几内亚比绍,Africa,Sub-Saharan Africa,Western Africa,GNB,GNB,NA,1666109157000
94,ECU,Ecuador,Active,-453686400000,Active,-26006400000,,Active,23673600000,Active,1348444800000,,Regional Bureau for the Americas ,Americas,Latin America,ECU ABC,Inactive,NA,{D17A3CEC-3AE3-4B22-B78E-7466AFED8AE4},RBA,218,Ecuador,Ecuador,إكوادور,Équateur,Эквадор,厄瓜多尔,Americas,Latin America and the Caribbean,South America,ECU,ECU,NA,1666109157000
126,GNQ,Equatorial Guinea,Active,508118400000,Active,508118400000,,Inactive,-2209161600000,Inactive,-2209161600000,,Regional Bureau for West and Central Africa,Africa,Central Africa and the Great Lakes,COD RO ABC,Inactive,NA,{CB3B7B3B-3B56-4F0F-B782-60030A4987E3},RBWCA,226,Equatorial Guinea,Guinea Ecuatorial,غينيا الاستوائية,Guinée équatoriale,Экваториальная Гвинея,赤道几内亚,Africa,Sub-Saharan Africa,Middle Africa,EGU,GNQ,NA,1666109157000
178,EGY,Egypt,Active,359337600000,Active,359337600000,,Inactive,-2209161600000,Inactive,-2209161600000,,Regional Bureau for the Middle East and North Africa,Middle East and North Africa,North Africa,EGY ABC,Inactive,NA,{6B2E0285-284A-4776-829F-002F24D2FF01},RBMENA,818,Egypt,Egipto,مصر,Égypte,Египет,埃及,Africa,,Northern Africa,ARE,EGY,NA,1666109157000
135,STP,Sao Tome and Principe,Active,255139200000,Active,255139200000,,Inactive,-2209161600000,Inactive,-2209161600000,,Regional Bureau for West and Central Africa,Africa,Central Africa and the Great Lakes,COD RO ABC,Inactive,NA,{1C76BCFA-54D9-4031-9D5E-FE81CC3F6C04},RBWCA,678,Sao Tome and Principe,Santo Tomé y Príncipe,سان تومي وبرينسيبي,Sao Tomé-et-Principe,Сан-Томе и Принсипи,圣多美和普林西比,Africa,Sub-Saharan Africa,Middle Africa,STP,STP,NA,1666109157000
73,GUF,French Guiana (FRA),Active,-2209161600000,Active,-2209161600000,,Inactive,-2209161600000,Inactive,-2209161600000,,Regional Bureau for Europe,Europe,"Northern, Western, Central and Southern Europe",FRA ABC,Inactive,NA,{E9617980-B80C-4C0C-A027-1635E55F908C},RBE,254,French Guiana,Guayana Francesa,غيانا الفرنسية,Guyane française,Французская Гвиана,法属圭亚那,Americas,Latin America and the Caribbean,South America,FGU,FRA,NA,1666109157000
58,TUN,Tunisia,Active,-384652800000,Active,-38188800000,,Active,-13478400000,Active,958089600000,,Regional Bureau for the Middle East and North Africa,Middle East and North Africa,North Africa,TUN ABC,Inactive,NA,{BA00272D-C3A8-4078-A3D3-283A2FAC31BE},RBMENA,788,Tunisia,Túnez,تونس,Tunisie,Тунис,突尼斯,Africa,,Northern Africa,TUN,TUN,NA,1666109157000
120,GMB,Gambia,Active,-104716800000,Active,-71280000000,,Active,1404172800000,Active,1404172800000,,Regional Bureau for West and Central Africa,Africa,West Africa,SEN RO ABC,Inactive,NA,{C42A59F1-D925-4E2E-8C52-EB5DF99C4CFC},RBWCA,270,Gambia,Gambia,غامبيا,Gambie,Гамбия,冈比亚,Africa,Sub-Saharan Africa,Western Africa,GAM,GMB,NA,1666109157000
21,SGP,Singapore,Inactive,-2209161600000,Inactive,-2209161600000,,Inactive,-2209161600000,Inactive,-2209161600000,,Regional Bureau for Asia and the Pacific,Asia and the Pacific,South East Asia,THA RO ABC,Inactive,NA,{0404C178-62E1-4405-87C8-916AA709BF02},RBAP,702,Singapore,Singapur,سنغافورة,Singapour,Сингапур,新加坡,Asia,,South-eastern Asia,SIN,SGP,NA,1666109157000
122,SOM,Somalia,Active,276825600000,Active,276825600000,,Inactive,-2209161600000,Inactive,-2209161600000,,"Regional Bureau for the East and Horn of Africa, and Great Lakes",Africa,East and Horn of Africa,SOM ABC,Inactive,NA,{26548DFE-FC0C-4374-A0CE-265884DFD8BD},RBEHAGL,706,Somalia,Somalia,الصومال,Somalie,Сомали,索马里,Africa,Sub-Saharan Africa,Eastern Africa,SOM,SOM,NA,1666109157000
140,BEN,Benin,Active,-244425600000,Active,16070400000,,Active,1323302400000,Active,1323302400000,,Regional Bureau for West and Central Africa,Africa,West Africa,SEN RO ABC,Inactive,NA,{3C079024-C54F-42F8-AB61-0CE68EE22CEB},RBWCA,204,Benin,Benin,بنن,Bénin,Бенин,贝宁,Africa,Sub-Saharan Africa,Western Africa,BEN,BEN,NA,1666109157000
146,LAO,Lao People's Democratic Republic,Inactive,-2209161600000,Inactive,-2209161600000,,Inactive,-2209161600000,Inactive,-2209161600000,,Regional Bureau for Asia and the Pacific,Asia and the Pacific,South East Asia,THA RO ABC,Inactive,NA,{2F8E46AE-E0D1-4C21-BFF3-97F066B8CD55},RBAP,418,Lao People's Democratic Republic,República Democrática Popular Lao,جمهورية لاو الديمقراطية الشعبية,République démocratique populaire lao,Лаосская Народно-Демократическая Республика,老挝人民民主共和国,Asia,,South-eastern Asia,LAO,LAO,NA,1666109157000
150,KEN,Kenya,Active,-114566400000,Active,374457600000,,Inactive,-2209161600000,Inactive,-2209161600000,,"Regional Bureau for the East and Horn of Africa, and Great Lakes",Africa,East and Horn of Africa,KEN ABC,Inactive,NA,{741E0BC4-4051-4AD1-8E4A-697FAE3E6FD3},RBEHAGL,404,Kenya,Kenya,كينيا,Kenya,Кения,肯尼亚,Africa,Sub-Saharan Africa,Eastern Africa,KEN,KEN,NA,1666109157000
154,HUN,Hungary,Active,605836800000,Active,605836800000,,Active,1006300800000,Active,1242086400000,,Regional Bureau for Europe,Europe,"Northern, Western, Central and Southern Europe",HUN RO ABC,Inactive,NA,{94DBF4A5-B6FE-4320-A918-4CC4005D11BE},RBE,348,Hungary,Hungría,هنغاريا,Hongrie,Венгрия,匈牙利,Europe,,Eastern Europe,HUN,HUN,NA,1666109157000
125,SLV,El Salvador,Active,420336000000,Active,420336000000,,Active,1423440000000,Inactive,-2209161600000,,Regional Bureau for the Americas ,Americas,Latin America,PAN RO ABC,Inactive,NA,{C347F44B-9E99-420D-84E6-EAD78BB4FE1A},RBA,222,El Salvador,El Salvador,السلفادور,El Salvador,Сальвадор,萨尔瓦多,Americas,Latin America and the Caribbean,Central America,SAL,SLV,NA,1666109157000
63,ABW,Aruba (K. of the Netherlands),Inactive,-2209161600000,Active,-2209161600000,,Inactive,-2209161600000,Inactive,-2209161600000,,Regional Bureau for Europe,Americas,North America and the Caribbean,USA RO ABC,Inactive,NA,{503FFB36-950F-4874-992C-C5A2B8C12287},RBE,533,Aruba,Aruba,أروبا,Aruba,Аруба,阿鲁巴,Americas,Latin America and the Caribbean,Caribbean,ABW,ABW,NA,1666109157000
193,JAM,Jamaica,Active,-171158400000,Active,341712000000,,Inactive,-2209161600000,Active,1357689600000,,Regional Bureau for the Americas ,Americas,North America and the Caribbean,USA RO ABC,Inactive,NA,{021FA34D-7317-4720-8924-0C14B1B0F7C2},RBA,388,Jamaica,Jamaica,جامايكا,Jamaïque,Ямайка,牙买加,Americas,Latin America and the Caribbean,Caribbean,JAM,JAM,NA,1666109157000
208,QAT,Qatar,Inactive,-2209161600000,Inactive,-2209161600000,,Inactive,-2209161600000,Inactive,-2209161600000,,Regional Bureau for the Middle East and North Africa,Middle East and North Africa,Middle East,SAU ABC,Inactive,NA,{E97BC7F8-0FA8-4907-9C43-B66FC997009B},RBMENA,634,Qatar,Qatar,قطر,Qatar,Катар,卡塔尔,Asia,,Western Asia,QAT,QAT,NA,1666109157000
212,SLB,Solomon Islands,Active,793929600000,Active,797644800000,,Inactive,-2209161600000,Inactive,-2209161600000,,Regional Bureau for Asia and the Pacific,Asia and the Pacific,East Asia and the Pacific,AUS RO ABC,Inactive,NA,{A88F2B1F-8F67-4833-83EF-B7C8A39DC4F9},RBAP,90,Solomon Islands,Islas Salomón,جزر سليمان,Îles Salomon,Соломоновы Острова,所罗门群岛,Oceania,,Melanesia,SOL,SLB,NA,1666109157000
40,MKD,North Macedonia,Active,758851200000,Active,758851200000,,Active,758851200000,Inactive,-2209161600000,,Regional Bureau for Europe,Europe,South-Eastern Europe,BIH RO ABC,Inactive,NA,{EE060768-9E40-4188-979C-B2419E99C3DF},RBE,807,North Macedonia,Macedonia del Norte,مقدونيا الشمالية,Macédoine du Nord,Северная Македония,北马其顿,Europe,,Southern Europe,MCD,MKD,NA,1666109157000
177,CHE,Switzerland,Active,-471657600000,Active,-51062400000,,Active,78969600000,Inactive,-2209161600000,,Regional Bureau for Europe,Europe,"Northern, Western, Central and Southern Europe",BEL RO ABC,Inactive,NA,{5FE527F1-6D02-43FE-B664-162D3005FE9E},RBE,756,Switzerland,Suiza,سويسرا,Suisse,Швейцария,瑞士,Europe,,Western Europe,SWI,CHE,NA,1666109157000
5,GUY,Guyana,Inactive,-2209161600000,Inactive,-2209161600000,,Inactive,-2209161600000,Inactive,-2209161600000,,Regional Bureau for the Americas ,Americas,North America and the Caribbean,USA RO ABC,Inactive,NA,{61AD41DC-D5C3-4F3B-AC3A-37EE805041F2},RBA,328,Guyana,Guyana,غيانا,Guyana,Гайана,圭亚那,Americas,Latin America and the Caribbean,South America,GUY,GUY,NA,1666109157000
176,ZMB,Zambia,Active,-8553600000,Active,-8553600000,,Active,152496000000,Inactive,-2209161600000,,Regional Bureau for Southern Africa,Africa,Southern Africa,ZMB ABC,Inactive,NA,{9D5BD210-F0D8-4105-8ADB-581C89A67EE7},RBSA,894,Zambia,Zambia,زامبيا,Zambie,Замбия,赞比亚,Africa,Sub-Saharan Africa,Eastern Africa,ZAM,ZMB,NA,1666109157000
118,DZA,Algeria,Active,-216518400000,Active,-67824000000,,Active,-172454400000,Inactive,-2209161600000,,Regional Bureau for the Middle East and North Africa,Middle East and North Africa,North Africa,DZA ABC,Inactive,NA,{0D3A94C6-C8BA-4528-BE11-E34F9521E8F0},RBMENA,12,Algeria,Argelia,الجزائر,Algérie,Алжир,阿尔及利亚,Africa,,Northern Africa,ALG,DZA,NA,1666109157000
19,PAN,Panama,Active,270864000000,Active,270864000000,,Active,1306972800000,Active,1306972800000,,Regional Bureau for the Americas ,Americas,Latin America,PAN RO ABC,Inactive,NA,{BEFB7D7A-B856-4E78-AAF0-A1BAEF4CDA92},RBA,591,Panama,Panamá,بنما,Panama,Панама,巴拿马,Americas,Latin America and the Caribbean,Central America,PAN,PAN,NA,1666109157000
194,MAR,Morocco,Active,-414979200000,Active,40953600000,,Inactive,-2209161600000,Inactive,-2209161600000,,Regional Bureau for the Middle East and North Africa,Middle East and North Africa,North Africa,MAR ABC,Inactive,NA,{863679F7-D311-4AB7-9EC2-07A865C7B9DE},RBMENA,504,Morocco,Marruecos,المغرب,Maroc,Марокко,摩洛哥,Africa,,Northern Africa,MOR,MAR,NA,1666109157000
92,COG,Republic of the Congo,Active,-227664000000,Active,16416000000,,Inactive,-2209161600000,Inactive,-2209161600000,,Regional Bureau for Southern Africa,Africa,Central Africa and the Great Lakes,COG ABC,Inactive,NA,{62E70FDC-8BA1-467D-9A00-E900B9C8B69B},RBSA,178,Congo,Congo,الكونغو,Congo,Конго,刚果,Africa,Sub-Saharan Africa,Middle Africa,COB,COG,NA,1666109157000
34,CUW,Curaçao (K. of the Netherlands),Inactive,-2209161600000,Inactive,-2209161600000,,Inactive,-2209161600000,Inactive,-2209161600000,,Regional Bureau for Europe,Americas,North America and the Caribbean,USA RO ABC,Inactive,NA,{C301CB71-2823-4FDC-B349-CBDF028E1840},RBE,531,Curaçao,Curazao,كوراساو,Curaçao,Кюрасао,库拉索,Americas,Latin America and the Caribbean,Caribbean,CUW,CUW,NA,1666109157000
145,MRT,Mauritania,Active,547171200000,Active,547171200000,,Inactive,-2209161600000,Inactive,-2209161600000,,Regional Bureau for the Middle East and North Africa,Middle East and North Africa,North Africa,MRT ABC,Inactive,NA,{1203E3D9-447A-4815-9B00-D862A4DA1227},RBMENA,478,Mauritania,Mauritania,موريتانيا,Mauritanie,Мавритания,毛里塔尼亚,Africa,Sub-Saharan Africa,Western Africa,MAU,MRT,NA,1666109157000
30,GHA,Ghana,Active,-214358400000,Active,-42249600000,,Inactive,-2209161600000,Inactive,-2209161600000,,Regional Bureau for West and Central Africa,Africa,West Africa,GHA ABC,Inactive,NA,{05AB6A32-887C-485C-9BD9-F61CD5F38BF6},RBWCA,288,Ghana,Ghana,غانا,Ghana,Гана,加纳,Africa,Sub-Saharan Africa,Western Africa,GHA,GHA,NA,1666109157000
103,JPN,Japan,Active,370915200000,Active,378691200000,,Inactive,-2209161600000,Inactive,-2209161600000,,Regional Bureau for Asia and the Pacific,Asia and the Pacific,East Asia and the Pacific,JPN ABC,Inactive,NA,{496222E0-6B12-45D8-AB6D-1A21DAB28BDD},RBAP,392,Japan,Japón,اليابان,Japon,Япония,日本,Asia,,Eastern Asia,JPN,JPN,NA,1666109157000
131,SGS,South Georgia and the South Sandwich Islands (GBR),Inactive,-2209161600000,Inactive,-2209161600000,,Inactive,-2209161600000,Inactive,-2209161600000,,Regional Bureau for Europe,Americas,North America and the Caribbean,0,Inactive,NA,{B82062B5-0F56-413C-B0D3-A17CD8CE64FE},RBE,239,South Georgia and the South Sandwich Islands,Georgia del Sur y las Islas Sandwich del Sur,جورجيا الجنوبية وجزر ساندويتش الجنوبية,Géorgie du Sud-et-les Îles Sandwich du Sud,Южная Джорджия и Южные Сандвичевы острова,南乔治亚岛和南桑德韦奇岛,Americas,Latin America and the Caribbean,South America,NA,GBR,NA,1666109157000
3,BRA,Brazil,Active,-287971200000,Active,71452800000,,Active,839894400000,Active,1193270400000,,Regional Bureau for the Americas ,Americas,Latin America,BRA ABC,Inactive,NA,{FBBAB28D-ED99-4860-ADE6-050E159BA8DD},RBA,76,Brazil,Brasil,البرازيل,Brésil,Бразилия,巴西,Americas,Latin America and the Caribbean,South America,BRA,BRA,NA,1666109157000
132,GAB,Gabon,Active,-179280000000,Active,115344000000,,Inactive,-2209161600000,Inactive,-2209161600000,,Regional Bureau for West and Central Africa,Africa,Central Africa and the Great Lakes,COD RO ABC,Inactive,NA,{CE0F4BC8-1BDD-467E-8862-C035F5909E7D},RBWCA,266,Gabon,Gabón,غابون,Gabon,Габон,加蓬,Africa,Sub-Saharan Africa,Middle Africa,GAB,GAB,NA,1666109157000
119,BTN,Bhutan,Inactive,-2209161600000,Inactive,-2209161600000,,Inactive,-2209161600000,Inactive,-2209161600000,,Regional Bureau for Asia and the Pacific,Asia and the Pacific,South East Asia,THA RO ABC,Inactive,NA,{F32618AE-BD78-477A-929A-0F12E727FDB9},RBAP,64,Bhutan,Bhután,بوتان,Bhoutan,Бутан,不丹,Asia,,Southern Asia,BHU,BTN,NA,1666109157000
160,AFG,Afghanistan,Active,1125360000000,Active,1125360000000,,Inactive,-2209161600000,Inactive,-2209161600000,,Regional Bureau for Asia and the Pacific,Asia and the Pacific,South-West Asia,AFG ABC,Inactive,NA,{4CF26FC2-5B54-40B2-BE75-D6EE5D09C269},RBAP,4,Afghanistan,Afganistán,أفغانستان,Afghanistan,Афганистан,阿富汗,Asia,,Southern Asia,AFG,AFG,NA,1666109157000
22,ROU,Romania,Active,681523200000,Active,681523200000,,Active,1138320000000,Active,1138320000000,,Regional Bureau for Europe,Europe,"Northern, Western, Central and Southern Europe",HUN RO ABC,Inactive,NA,{368FF931-BE25-435C-8712-E0792EDBD8C5},RBE,642,Romania,Rumania,رومانيا,Roumanie,Румыния,罗马尼亚,Europe,,Eastern Europe,ROM,ROU,NA,1666109157000
33,FJI,Fiji,Active,77155200000,Active,77155200000,,Active,77155200000,Inactive,-2209161600000,,Regional Bureau for Asia and the Pacific,Asia and the Pacific,East Asia and the Pacific,AUS RO ABC,Inactive,NA,{41426E8E-E116-482F-B40D-D7E2627F7457},RBAP,242,Fiji,Fiji,فيجي,Fidji,Фиджи,斐济,Oceania,,Melanesia,FIJ,FJI,NA,1666109157000
44,SUR,Suriname,Active,281145600000,Active,281145600000,,Inactive,-2209161600000,Inactive,-2209161600000,,Regional Bureau for the Americas ,Americas,North America and the Caribbean,USA RO ABC,Inactive,NA,{9AA7C472-E1AD-4F5E-9A58-8C6E275ABDC8},RBA,740,Suriname,Suriname,سورينام,Suriname,Суринам,苏里南,Americas,Latin America and the Caribbean,South America,SUR,SUR,NA,1666109157000
32,TKM,Turkmenistan,Active,888796800000,Active,888796800000,,Active,1323216000000,Active,1346198400000,,Regional Bureau for Asia and the Pacific,Asia and the Pacific,Central Asia,KAZ RO ABC,Inactive,NA,{AC579C1F-9176-49BC-AB9E-64C8E8CD913B},RBAP,795,Turkmenistan,Turkmenistán,تركمانستان,Turkménistan,Туркменистан,土库曼斯坦,Asia,,Central Asia,TKM,TKM,NA,1666109157000
112,NIC,Nicaragua,Active,323049600000,Active,323049600000,,Active,1373846400000,Active,1375056000000,,Regional Bureau for the Americas ,Americas,Latin America,PAN RO ABC,Inactive,NA,{5B8CEC41-8662-4709-AD4E-44E6A1F9EC9B},RBA,558,Nicaragua,Nicaragua,نيكاراغوا,Nicaragua,Никарагуа,尼加拉瓜,Americas,Latin America and the Caribbean,Central America,NIC,NIC,NA,1666109157000
88,MEX,Mexico,Active,960336000000,Active,960336000000,,Active,960336000000,Inactive,-2209161600000,,Regional Bureau for the Americas ,Americas,Latin America,MEX ABC,Inactive,NA,{C83EF13C-945A-4556-8AEB-218F69507F5B},RBA,484,Mexico,México,المكسيك,Mexique,Мексика,墨西哥,Americas,Latin America and the Caribbean,Central America,MEX,MEX,NA,1666109157000
46,HTI,Haiti,Active,464918400000,Active,464918400000,,Active,1538006400000,Active,1538006400000,,Regional Bureau for the Americas ,Americas,North America and the Caribbean,USA RO ABC,Inactive,NA,{C99C1615-047C-4C59-807E-646CFA877D9C},RBA,332,Haiti,Haití,هايتي,Haïti,Гаити,海地,Americas,Latin America and the Caribbean,Caribbean,HAI,HTI,NA,1666109157000
121,SAU,Saudi Arabia,Inactive,-2209161600000,Inactive,-2209161600000,,Inactive,-2209161600000,Inactive,-2209161600000,,Regional Bureau for the Middle East and North Africa,Middle East and North Africa,Middle East,SAU ABC,Inactive,NA,{4038FD63-DEFC-49FC-8210-A043A67C047B},RBMENA,682,Saudi Arabia,Arabia Saudita,المملكة العربية السعودية,Arabie saoudite,Саудовская Аравия,沙特阿拉伯,Asia,,Western Asia,SAU,SAU,NA,1666109157000
12,AND,Andorra,Inactive,-2209161600000,Inactive,-2209161600000,,Inactive,-2209161600000,Inactive,-2209161600000,,Regional Bureau for Europe,Europe,"Northern, Western, Central and Southern Europe",0,Inactive,NA,{430E3FF1-7861-444D-A9CC-CD4B9ADE6D9A},RBE,20,Andorra,Andorra,أندورا,Andorre,Андорра,安道尔,Europe,,Southern Europe,AND,AND,NA,1666109157000
27,MDA,Republic of Moldova,Active,1012435200000,Active,1012435200000,,Active,1334793600000,Active,1334793600000,,Regional Bureau for Europe,Europe,"Northern, Western, Central and Southern Europe",HUN RO ABC,Inactive,NA,{2E293BE8-3B3C-447E-BF99-E384FD9AA772},RBE,498,Republic of Moldova,República de Moldova,جمهورية مولدوفا,République de Moldova,Республика Молдова,摩尔多瓦共和国,Europe,,Eastern Europe,MDA,MDA,NA,1666109157000
149,HKG,Hong Kong (CHN),Inactive,-2209161600000,Inactive,-2209161600000,,Inactive,-2209161600000,Inactive,-2209161600000,,Regional Bureau for Asia and the Pacific,Asia and the Pacific,East Asia and the Pacific,CHN RO ABC,Inactive,NA,{82DA9FA8-360A-4FC9-AA30-34C380AE66C8},RBAP,344,"China, Hong Kong Special Administrative Region","China, región administrativa especial de Hong Kong",الصين، منطقة هونغ كونغ الإدارية الخاصة,"Chine, région administrative spéciale de Hong Kong","Китай, Специальный административный район Гонконг",中国香港特别行政区,Asia,,Eastern Asia,HKG,CHN,NA,1666109157000
16,GBR,United Kingdom of Great Britain and Northern Ireland,Active,-498960000000,Active,-41817600000,,Active,-338083200000,Active,-118713600000,,Regional Bureau for Europe,Europe,"Northern, Western, Central and Southern Europe",GBR ABC,Inactive,NA,{6B61D919-254E-469E-850B-2653E63CAEA5},RBE,826,United Kingdom of Great Britain and Northern Ireland,Reino Unido de Gran Bretaña e Irlanda del Norte,المملكة المتحدة لبريطانيا العظمى وآيرلندا الشمالية,Royaume-Uni de Grande-Bretagne et d’Irlande du Nord,Соединенное Королевство Великобритании и Северной Ирландии,大不列颠及北爱尔兰联合王国,Europe,,Northern Europe,GBR,GBR,NA,1666109157000
80,MSR,Montserrat (GBR),Active,-2209161600000,Active,-2209161600000,,Inactive,-2209161600000,Inactive,-2209161600000,,Regional Bureau for Europe,Americas,North America and the Caribbean,USA RO ABC,Inactive,NA,{96E317A4-A18A-403A-952D-7622693262C2},RBE,500,Montserrat,Montserrat,مونتسيرات,Montserrat,Монтсеррат,蒙特塞拉特,Americas,Latin America and the Caribbean,Caribbean,MSR,GBR,NA,1666109157000
47,ISR,Israel,Active,-481334400000,Active,-48902400000,,Active,-347932800000,Inactive,-2209161600000,,Regional Bureau for the Middle East and North Africa,Middle East and North Africa,Middle East,ISR ABC,Inactive,NA,{B6808080-218A-4F8B-B939-E2EDA8F80203},RBMENA,376,Israel,Israel,إسرائيل,Israël,Израиль,以色列,Asia,,Western Asia,ISR,ISR,NA,1666109157000
173,PSE,State of Palestine,Inactive,-2209161600000,Inactive,-2209161600000,,Inactive,-2209161600000,Inactive,-2209161600000,,Regional Bureau for the Middle East and North Africa,Middle East and North Africa,Middle East,ISR ABC,Inactive,NA,{DEADB46B-9A5A-450E-8DC0-420D11E86AF8},RBMENA,275,State of Palestine,Estado de Palestina,دولة فلسطين,État de Palestine,Государство Палестина,巴勒斯坦国,Asia,,Western Asia,GAZ,PSE,NA,1666109157000
35,FIN,Finland,Active,-38707200000,Active,-38707200000,,Active,-38707200000,Active,1218067200000,,Regional Bureau for Europe,Europe,"Northern, Western, Central and Southern Europe",SWE RO ABC,Inactive,NA,{2A48367F-97F0-4FCD-8D0D-F3DCAD54EDD2},RBE,246,Finland,Finlandia,فنلندا,Finlande,Финляндия,芬兰,Europe,,Northern Europe,FIN,FIN,NA,1666109157000
219,LVA,Latvia,Active,870307200000,Active,870307200000,,Active,941760000000,Active,703209600000,,Regional Bureau for Europe,Europe,"Northern, Western, Central and Southern Europe",SWE RO ABC,Inactive,NA,{78AB0F5A-EBA0-408E-9C02-432140FE3FA5},RBE,428,Latvia,Letonia,لاتفيا,Lettonie,Латвия,拉脱维亚,Europe,,Northern Europe,LVA,LVA,NA,1666109157000
113,CYM,Cayman Islands (GBR),Active,-2209161600000,Active,-2209161600000,,Inactive,-2209161600000,Inactive,-2209161600000,,Regional Bureau for Europe,Americas,North America and the Caribbean,USA RO ABC,Inactive,NA,{7FA81DDB-42E2-44B5-A635-5A171B377345},RBE,136,Cayman Islands,Islas Caimán,جزر كايمان,Îles Caïmanes,Кайман острова,开曼群岛,Americas,Latin America and the Caribbean,Caribbean,CAY,GBR,NA,1666109157000
42,DJI,Djibouti,Active,239932800000,Active,239932800000,,Inactive,-2209161600000,Inactive,-2209161600000,,"Regional Bureau for the East and Horn of Africa, and Great Lakes",Africa,East and Horn of Africa,DJI ABC,Inactive,NA,{505A54A5-41B7-45C3-8C4A-0693EEC18E61},RBEHAGL,262,Djibouti,Djibouti,جيبوتي,Djibouti,Джибути,吉布提,Africa,Sub-Saharan Africa,Eastern Africa,DJB,DJI,NA,1666109157000
170,THA,Thailand,Inactive,-2209161600000,Inactive,-2209161600000,,Inactive,-2209161600000,Inactive,-2209161600000,,Regional Bureau for Asia and the Pacific,Asia and the Pacific,South East Asia,THA ABC,Inactive,NA,{CED2C5C7-761C-4589-909C-2A33064C2D2C},RBAP,764,Thailand,Tailandia,تايلند,Thaïlande,Таиланд,泰国,Asia,,South-eastern Asia,THA,THA,NA,1666109157000
67,CIV,Côte d'Ivoire,Active,-254534400000,Active,3974400000,,Active,1380758400000,Active,1380758400000,,Regional Bureau for West and Central Africa,Africa,West Africa,CIV ABC,Inactive,NA,{9DEEE0F9-10F4-4663-80C5-5C375216C8E1},RBWCA,384,Côte d’Ivoire,Côte d’Ivoire,كوت ديفوار,Côte d’Ivoire,Кот-д'Ивуар,科特迪瓦,Africa,Sub-Saharan Africa,Western Africa,ICO,CIV,NA,1666109157000
23,DOM,Dominican Republic,Active,252720000000,Active,252720000000,,Inactive,-2209161600000,Inactive,-2209161600000,,Regional Bureau for the Americas ,Americas,North America and the Caribbean,USA RO ABC,Inactive,NA,{88F145F6-670C-4D9C-9078-802E8E519187},RBA,214,Dominican Republic,República Dominicana,الجمهورية الدومينيكية,République dominicaine,Доминиканская Республика,多米尼加,Americas,Latin America and the Caribbean,Caribbean,DOM,DOM,NA,1666109157000
15,PLW,Palau,Inactive,-2209161600000,Inactive,-2209161600000,,Inactive,-2209161600000,Inactive,-2209161600000,,Regional Bureau for Asia and the Pacific,Asia and the Pacific,East Asia and the Pacific,AUS RO ABC,Inactive,NA,{863E8489-659B-4B4C-856B-99EC7CEC5E67},RBAP,585,Palau,Palau,بالاو,Palaos,Палау,帕劳,Oceania,,Micronesia,PLW,PLW,NA,1666109157000
124,JOR,Jordan,Inactive,-2209161600000,Inactive,-2209161600000,,Inactive,-2209161600000,Inactive,-2209161600000,,Regional Bureau for the Middle East and North Africa,Middle East and North Africa,Middle East,JOR ABC,Inactive,NA,{54F8E9A6-7D97-4E8C-B525-9D32A930CA71},RBMENA,400,Jordan,Jordania,الأردن,Jordanie,Иордания,约旦,Asia,,Western Asia,JOR,JOR,NA,1666109157000
109,ESH,Western Sahara,Inactive,-2209161600000,Inactive,-2209161600000,,Inactive,-2209161600000,Inactive,-2209161600000,,Regional Bureau for the Middle East and North Africa,Middle East and North Africa,North Africa,ESH ABC,Inactive,NA,{F3112675-4AB8-4C8D-B0B4-BFE2BBF68CE9},RBMENA,732,Western Sahara,Sáhara Occidental,الصحراء الغربية,Sahara occidental,Западная Сахара,西撒哈拉,Africa,,Northern Africa,WSH,ESH,NA,1666109157000
136,SVK,Slovakia,Active,728784000000,Active,728784000000,,Active,954720000000,Active,954720000000,,Regional Bureau for Europe,Europe,"Northern, Western, Central and Southern Europe",HUN RO ABC,Inactive,NA,{C6473CD0-5AAE-4C3B-AE29-F474C1978281},RBE,703,Slovakia,Eslovaquia,سلوفاكيا,Slovaquie,Словакия,斯洛伐克,Europe,,Eastern Europe,SVK,SVK,NA,1666109157000
153,SRB,Serbia*,Active,984355200000,Active,984355200000,,Active,984355200000,Active,1323216000000,,Regional Bureau for Europe,Europe,South-Eastern Europe,BIH RO ABC,Inactive,NA,{CDBDB842-B518-444E-AE05-43FB0D7AF661},RBE,688,Serbia,Serbia,صربيا,Serbie,Сербия,塞尔维亚,Europe,,Southern Europe,SRB,SRB,NA,1666109157000
130,IDN,Indonesia,Inactive,-2209161600000,Inactive,-2209161600000,,Inactive,-2209161600000,Inactive,-2209161600000,,Regional Bureau for Asia and the Pacific,Asia and the Pacific,South East Asia,IDN ABC,Inactive,NA,{3B2DD39F-F0BC-4CD5-AA6E-DCE1B0B62E1F},RBAP,360,Indonesia,Indonesia,إندونيسيا,Indonésie,Индонезия,印度尼西亚,Asia,,South-eastern Asia,INS,IDN,NA,1666109157000
9,GTM,Guatemala,Active,433036800000,Active,433036800000,,Active,975369600000,Active,995500800000,,Regional Bureau for the Americas ,Americas,Latin America,PAN RO ABC,Inactive,NA,{632145C4-AF72-494E-BE45-2B710D9A0A95},RBA,320,Guatemala,Guatemala,غواتيمالا,Guatemala,Гватемала,危地马拉,Americas,Latin America and the Caribbean,Central America,GUA,GTM,NA,1666109157000
26,NZL,New Zealand,Active,-299980800000,Active,113443200000,,Inactive,-2209161600000,Active,1158710400000,,Regional Bureau for Asia and the Pacific,Asia and the Pacific,East Asia and the Pacific,AUS RO ABC,Inactive,NA,{78A1438F-662C-4577-B1EE-621DEC57DE4C},RBAP,554,New Zealand,Nueva Zelandia,نيوزيلندا,Nouvelle-Zélande,Новая Зеландия,新西兰,Oceania,,Australia and New Zealand,NZL,NZL,NA,1666109157000
54,KHM,Cambodia,Active,719107200000,Active,719107200000,,Inactive,-2209161600000,Inactive,-2209161600000,,Regional Bureau for Asia and the Pacific,Asia and the Pacific,South East Asia,THA RO ABC,Inactive,NA,{14A8BE5F-2CC1-4539-91D3-80BFF4F48DF4},RBAP,116,Cambodia,Camboya,كمبوديا,Cambodge,Камбоджа,柬埔寨,Asia,,South-eastern Asia,CAM,KHM,NA,1666109157000
77,MLI,Mali,Active,97459200000,Active,97459200000,,Active,1464307200000,Active,1464307200000,,Regional Bureau for West and Central Africa,Africa,West Africa,MLI ABC,Inactive,NA,{4F60E7CF-906B-4067-8A04-0993128AB072},RBWCA,466,Mali,Malí,مالي,Mali,Мали,马里,Africa,Sub-Saharan Africa,Western Africa,MLI,MLI,NA,1666109157000
175,SWZ,Eswatini,Active,950486400000,Active,-29203200000,,Active,942710400000,Active,942710400000,,Regional Bureau for Southern Africa,Africa,Southern Africa,ZAF RO ABC,Inactive,NA,{428EF82D-B6C1-49E9-8A7D-60CF11424FB4},RBSA,748,Eswatini,Eswatini,إسواتيني,Eswatini,Эсватини,斯威士兰,Africa,Sub-Saharan Africa,Southern Africa,SWA,SWZ,NA,1666109157000
143,ARG,Argentina,Active,-256521600000,Active,-65404800000,,Active,76204800000,Active,1415836800000,,Regional Bureau for the Americas ,Americas,Latin America,ARG RO ABC,Inactive,NA,{D7AC4CFE-29CC-446D-9432-9BBF7DEA5260},RBA,32,Argentina,Argentina,الأرجنتين,Argentine,Аргентина,阿根廷,Americas,Latin America and the Caribbean,South America,ARG,ARG,NA,1666109157000
2,TTO,Trinidad and Tobago,Active,973814400000,Active,973814400000,,Active,-117590400000,Inactive,-2209161600000,,Regional Bureau for the Americas ,Americas,North America and the Caribbean,USA RO ABC,Inactive,NA,{5813B347-7D24-47FB-AF3A-7A7F18866724},RBA,780,Trinidad and Tobago,Trinidad y Tabago,ترينيداد وتوباغو,Trinité-et-Tobago,Тринидад и Тобаго,特立尼达和多巴哥,Americas,Latin America and the Caribbean,Caribbean,TRT,TTO,NA,1666109157000
144,VGB,British Virgin Islands (GBR),Inactive,-2209161600000,Inactive,-2209161600000,,Inactive,-2209161600000,Inactive,-2209161600000,,Regional Bureau for Europe,Americas,North America and the Caribbean,USA RO ABC,Inactive,NA,{3765035D-0A57-499D-9C78-343C084560D0},RBE,92,British Virgin Islands,Islas Vírgenes Británicas,جزر فرجن البريطانية,Îles Vierges britanniques,Британские Виргинские острова,英属维尔京群岛,Americas,Latin America and the Caribbean,Caribbean,BVI,GBR,NA,1666109157000
50,BES,Bonaire Saint Eustatius and Saba (NLD),Active,-431222400000,Active,-34387200000,,Inactive,-2209161600000,Inactive,-2209161600000,,Regional Bureau for Europe,Americas,North America and the Caribbean,USA RO ABC,Inactive,NA,{CAC5FF36-DB1A-4D47-84CA-5003F2C0FB73},RBE,535,"Bonaire, Sint Eustatius and Saba","Bonaire, San Eustaquio y Saba",بونير وسانت يوستاشيوس وسابا,"Bonaire, Saint-Eustache et Saba","Бонайре, Синт-Эстатиус и Саба",博纳尔，圣俄斯塔休斯和萨巴,Americas,Latin America and the Caribbean,Caribbean,BES,NLD,NA,1666109157000
52,ISL,Iceland,Active,-444614400000,Active,-53136000000,,Inactive,-2209161600000,Inactive,-2209161600000,,Regional Bureau for Europe,Europe,"Northern, Western, Central and Southern Europe",SWE RO ABC,Inactive,NA,{6C13CB6F-1493-47F5-86D1-B4E15DEB9726},RBE,352,Iceland,Islandia,آيسلندا,Islande,Исландия,冰岛,Europe,,Northern Europe,ICE,ISL,NA,1666109157000
62,RUS,Russian Federation,Active,728611200000,Active,728611200000,,Inactive,-2209161600000,Inactive,-2209161600000,,Regional Bureau for Europe,Europe,Eastern Europe,RUS ABC,Inactive,NA,{B6D165D7-1354-43A4-84FB-9E1A17A2453D},RBE,643,Russian Federation,Federación de Rusia,الاتحاد الروسي,Fédération de Russie,Российская Федерация,俄罗斯联邦,Europe,,Eastern Europe,RUS,RUS,NA,1666109157000
18,PER,Peru,Active,-158716800000,Active,432432000000,,Active,1390435200000,Active,1418860800000,,Regional Bureau for the Americas ,Americas,Latin America,PER ABC,Inactive,NA,{0745E86A-F404-48A5-ABA3-AD06F1D71041},RBA,604,Peru,Perú,بيرو,Pérou,Перу,秘鲁,Americas,Latin America and the Caribbean,South America,PER,PER,NA,1666109157000
163,BFA,Burkina Faso,Active,330134400000,Active,330134400000,,Active,1335830400000,Active,1501718400000,,Regional Bureau for West and Central Africa,Africa,West Africa,BFA ABC,Inactive,NA,{A165FCD9-66E4-4E5E-A5B1-084A406A94DE},RBWCA,854,Burkina Faso,Burkina Faso,بوركينا فاسو,Burkina Faso,Буркина-Фасо,布基纳法索,Africa,Sub-Saharan Africa,Western Africa,BKF,BFA,NA,1666109157000
181,SEN,Senegal,Active,-210470400000,Active,-70934400000,,Active,1127260800000,Active,1127260800000,,Regional Bureau for West and Central Africa,Africa,West Africa,SEN RO ABC,Inactive,NA,{07BCED9D-5E70-4436-8D97-B51F02C60594},RBWCA,686,Senegal,Senegal,السنغال,Sénégal,Сенегал,塞内加尔,Africa,Sub-Saharan Africa,Western Africa,SEN,SEN,NA,1666109157000
72,PRK,Democratic People's Rep. of Korea,Inactive,-2209161600000,Inactive,-2209161600000,,Inactive,-2209161600000,Inactive,-2209161600000,,Regional Bureau for Asia and the Pacific,Asia and the Pacific,East Asia and the Pacific,THA RO ABC,Inactive,NA,{983F0B20-4624-42D9-A649-3F59A67A95B7},RBAP,408,Democratic People's Republic of Korea,República Popular Democrática de Corea,جمهورية كوريا الشعبية الديمقراطية,République populaire démocratique de Corée,Корейская Народно-Демократическая Республика,朝鲜民主主义人民共和国,Asia,,Eastern Asia,KRN,PRK,NA,1666109157000
31,TCD,Chad,Active,367027200000,Active,367027200000,,Active,934416000000,Active,934416000000,,Regional Bureau for West and Central Africa,Africa,East and Horn of Africa,TCD ABC,Inactive,NA,{01BBE75F-DF7F-44DA-84A7-3C1243BB7A85},RBWCA,148,Chad,Chad,تشاد,Tchad,Чад,乍得,Africa,Sub-Saharan Africa,Middle Africa,CHD,TCD,NA,1666109157000
76,PHL,Philippines,Active,364608000000,Active,364608000000,,Active,1316649600000,Inactive,-2209161600000,,Regional Bureau for Asia and the Pacific,Asia and the Pacific,South East Asia,PHL ABC,Inactive,NA,{29EB249F-011A-42EB-8BA2-1EC5C2CB5FB5},RBAP,608,Philippines,Filipinas,الفلبين,Philippines,Филиппины,菲律宾,Asia,,South-eastern Asia,PHI,PHL,NA,1666109157000
166,MAC,Macao (CHN),Active,-2209161600000,Active,-2209161600000,,Inactive,-2209161600000,Inactive,-2209161600000,,Regional Bureau for Asia and the Pacific,Asia and the Pacific,East Asia and the Pacific,CHN RO ABC,Inactive,NA,{CF3BF0BC-6FF3-4B6D-B20D-C452A979DF6D},RBAP,446,"China, Macao Special Administrative Region","China, región administrativa especial de Macao",الصين، منطقة ماكاو الإدارية الخاصة,"Chine, région administrative spéciale de Macao","Китай, Специальный административный район Макао",中国澳门特别行政区,Asia,,Eastern Asia,MAC,CHN,NA,1666109157000
137,NER,Niger,Active,-263606400000,Active,2764800000,,Active,1415318400000,Active,487814400000,,Regional Bureau for West and Central Africa,Africa,West Africa,NER ABC,Inactive,NA,{E9CE2086-ED47-4C22-B5E9-E682903FE7C2},RBWCA,562,Niger,Níger,النيجر,Niger,Нигер,尼日尔,Africa,Sub-Saharan Africa,Western Africa,NGR,NER,NA,1666109157000
147,AZE,Azerbaijan,Active,729475200000,Active,729475200000,,Active,840153600000,Active,840153600000,,Regional Bureau for Europe,Europe,Eastern Europe,GEO RO ABC,Inactive,NA,{3A36FFC9-5AC2-4D58-9739-C0A7800EE87A},RBE,31,Azerbaijan,Azerbaiyán,أذربيجان,Azerbaïdjan,Азербайджан,阿塞拜疆,Asia,,Western Asia,AZE,AZE,NA,1666109157000
66,LTU,Lithuania,Active,862185600000,Active,862185600000,,Active,949881600000,Active,1374451200000,,Regional Bureau for Europe,Europe,"Northern, Western, Central and Southern Europe",SWE RO ABC,Inactive,NA,{C494BDAD-36A4-4440-B8F2-7633133CF02A},RBE,440,Lithuania,Lituania,ليتوانيا,Lituanie,Литва,立陶宛,Europe,,Northern Europe,LTU,LTU,NA,1666109157000
251,MYT,Mayotte (FRA),Inactive,-2209161600000,Inactive,-2209161600000,,Inactive,-2209161600000,Inactive,-2209161600000,,,,,,Inactive,,{EB1D2F94-5CC9-4CB3-9252-A67004228342},NA,175,Mayotte,Mayotte,مايوت,Mayotte,Остров Майотта,马约特,Africa,Sub-Saharan Africa,Eastern Africa,NA,FRA,NA,1666109157000
250,IMN,Isle of Man (GBR),Inactive,-2209161600000,Inactive,-2209161600000,,Inactive,-2209161600000,Inactive,-2209161600000,,,,,,Inactive,,{5C5AF51D-99EB-4ED6-B0F4-A161014FE109},NA,833,Isle of Man,Isla de Man,جزيرة مان,Île de Man,Остров Мэн,马恩岛,Europe,,Northern Europe,NA,GBR,NA,1666109157000
245,VIR,United States Virgin Islands (USA),Inactive,-2209161600000,Inactive,-2209161600000,,Inactive,-2209161600000,Inactive,-2209161600000,,,,,,Inactive,,{4EBD58AF-E491-47CD-A6E8-05EC45D7A71E},NA,850,United States Virgin Islands,Islas Vírgenes de los Estados Unidos,جزر فرجن التابعة للولايات المتحدة,Îles Vierges américaines,Виргинские острова Соединенных Штатов,美属维尔京群岛,Americas,Latin America and the Caribbean,Caribbean,NA,USA,NA,1666109157000
241,PCN,Pitcairn Islands (GBR),Inactive,-2209161600000,Inactive,-2209161600000,,Inactive,-2209161600000,Inactive,-2209161600000,,,,,,Inactive,,{649FFD4B-73C3-4505-B66D-27770E327947},NA,612,Pitcairn,Pitcairn,بيتكرن,Pitcairn,Питкэрн,皮特凯恩,Oceania,,Polynesia,NA,GBR,NA,1666109157000
98,ESP,Spain,Active,271900800000,Active,271900800000,,Active,863395200000,Active,1537833600000,,Regional Bureau for Europe,Europe,"Northern, Western, Central and Southern Europe",ITA RO ABC,Inactive,NA,{8366F355-556F-4C7E-B457-D781C2CE4851},RBE,724,Spain,España,إسبانيا,Espagne,Испания,西班牙,Europe,,Southern Europe,SPA,ESP,NA,1666109157000
55,PRT,Portugal,Active,-284860800000,Active,206064000000,,Active,1349049600000,Active,1349049600000,,Regional Bureau for Europe,Europe,"Northern, Western, Central and Southern Europe",ITA RO ABC,Inactive,NA,{4AFC40A6-BC6A-408A-8860-1922453FBF02},RBE,620,Portugal,Portugal,البرتغال,Portugal,Португалия,葡萄牙,Europe,,Southern Europe,POR,PRT,NA,1666109157000
268,XAC,Aksai Chin (Sovereignty unsettled),Inactive,-2209161600000,Inactive,-2209161600000,,Inactive,-2209161600000,Inactive,-2209161600000,,,,,,Inactive,UNHCR created ISO3,{67D6CD31-290B-4AD1-8585-31262C31CA7D},NA,NA,,,,,,,,,,NA,NA,NA,1666109209000
265,XCI,China/India (Sovereignty unsettled),Inactive,-2209161600000,Inactive,-2209161600000,,Inactive,-2209161600000,Inactive,-2209161600000,,,,,,Inactive,UNHCR created ISO3,{21AD952B-595F-420C-8ACB-16703459EF96},NA,NA,,,,,,,,,,NA,NA,NA,1666109209000
264,XSP,Spratly Islands (Sovereignty unsettled),Inactive,-2209161600000,Inactive,-2209161600000,,Inactive,-2209161600000,Inactive,-2209161600000,,,,,,Inactive,UNHCR created ISO3,{6F458C7C-5843-4AFD-BBA4-C742209E02B8},NA,NA,,,,,,,,,,NA,NA,NA,1666109209000
263,XPI,Paracel Islands (Sovereignty unsettled),Inactive,-2209161600000,Inactive,-2209161600000,,Inactive,-2209161600000,Inactive,-2209161600000,,,,,,Inactive,UNHCR created ISO3,{9E70EACF-D22D-4716-BCA5-67043BB8779D},NA,NA,,,,,,,,,,NA,NA,NA,1666109209000
262,XSI,Senkaku Islands (Sovereignty unsettled),Inactive,-2209161600000,Inactive,-2209161600000,,Inactive,-2209161600000,Inactive,-2209161600000,,,,,,Inactive,UNHCR created ISO3,{DC96AD0C-1769-44FA-8CB9-EF89112BE2ED},NA,NA,,,,,,,,,,NA,NA,NA,1666109209000
259,XSR,Scarborough Reef (Sovereignty unsettled),Inactive,-2209161600000,Inactive,-2209161600000,,Inactive,-2209161600000,Inactive,-2209161600000,,,,,,Inactive,UNHCR created ISO3,{02224130-3B5D-46F2-B21D-793C9FB4A707},NA,NA,,,,,,,,,,NA,NA,NA,1666109209000
257,XAB,Abyei,Inactive,-2209161600000,Inactive,-2209161600000,,Inactive,-2209161600000,Inactive,-2209161600000,,,,,,Inactive,UNHCR created ISO3,{630AA9E7-4708-4058-9A0F-6A92B6F06A67},NA,NA,,,,,,,,,,NA,NA,NA,1666109209000
235,ALA,Åland Islands (FIN),Inactive,-2209161600000,Inactive,-2209161600000,,Inactive,-2209161600000,Inactive,-2209161600000,,Regional Bureau for Europe,Europe,"Northern, Western, Central and Southern Europe",SWE RO ABC,Inactive,,{144DF9AD-39AC-4961-A210-F61C1174FEDF},NA,248,Åland Islands,Islas Åland,جزر ألاند,Îles d’Åland,Аландских островов,奥兰群岛,Europe,,Northern Europe,NA,FIN,NA,1666109209000
258,XAP,Arunachal Pradesh (IND),Inactive,-2209161600000,Inactive,-2209161600000,,Inactive,-2209161600000,Inactive,-2209161600000,,,,,,Inactive,UNHCR created ISO3,{F72E5457-E54D-42D8-93DB-534F6BAF3523},NA,NA,,,,,,,,,,NA,IND,NA,1666109209000
255,XJK,Jammu and Kashmir,Inactive,-2209161600000,Inactive,-2209161600000,,Inactive,-2209161600000,Inactive,-2209161600000,,,,,,Inactive,UNHCR created ISO3,{708B4CD6-BA55-4B76-884D-80C13F215073},NA,NA,,,,,,,,,,NA,AAA,NA,1666109157000
267,XMS,Ma'tan al-Sarra (EGY),Inactive,-2209161600000,Inactive,-2209161600000,,Inactive,-2209161600000,Inactive,-2209161600000,,,,,,Inactive,UNHCR created ISO3,{FC6B1E3C-A644-4AD0-8D01-4A71EDAE1A48},NA,NA,,,,,,,,,,NA,EGY,NA,1666109209000
261,XKI,Kuril Islands (RUS),Inactive,-2209161600000,Inactive,-2209161600000,,Inactive,-2209161600000,Inactive,-2209161600000,,,,,,Inactive,UNHCR created ISO3,{CE0FF5B9-A58F-4E76-A284-BC2343ECAFD2},NA,NA,,,,,,,,,,NA,RUS,NA,1666109209000
260,XIT,Ilemi Triangle (SSD),Inactive,-2209161600000,Inactive,-2209161600000,,Inactive,-2209161600000,Inactive,-2209161600000,,,,,,Inactive,UNHCR created ISO3,{F53C00EC-B272-437D-82CA-77D190A3D2E2},NA,NA,,,,,,,,,,NA,SSD,NA,1666109209000
266,XHT,Hala'ib triangle (SDN),Inactive,-2209161600000,Inactive,-2209161600000,,Inactive,-2209161600000,Inactive,-2209161600000,,,,,,Inactive,UNHCR created ISO3,{66EF8A4F-12D5-413A-AAE7-C7467A6D1771},NA,NA,,,,,,,,,,NA,SDN,NA,1666109209000
232,SPM,Saint Pierre and Miquelon (FRA),Inactive,-2209161600000,Inactive,-2209161600000,,Inactive,-2209161600000,Inactive,-2209161600000,,,,,,Inactive,,{79A73FA4-2943-4FB3-9996-42888A950596},NA,666,Saint Pierre and Miquelon,San Pedro y Miquelón,سان بيير وميكلون,Saint-Pierre-et-Miquelon,Сен-Пьер и Микелон,圣皮埃尔和密克隆,Americas,,Northern America,SPM,FRA,NA,1666109157000
231,BLM,Saint Barthélemy (FRA),Inactive,-2209161600000,Inactive,-2209161600000,,Inactive,-2209161600000,Inactive,-2209161600000,,,,,,Inactive,,{7E8B151F-03AE-4DCA-A090-3661EECD10F6},NA,652,Saint Barthélemy,San Barthélemy,سان بارتليمي,Saint-Barthélemy,Сен-Бартелеми,圣巴泰勒米,Americas,Latin America and the Caribbean,Caribbean,NA,NA,NA,1666109209000
256,XSA,Sark (GBR),Inactive,-2209161600000,Inactive,-2209161600000,,Inactive,-2209161600000,Inactive,-2209161600000,,,,,,Inactive,UNHCR created ISO3,{39B967C0-7DE0-40E6-B7D6-19745BF3B4B7},NA,680,Sark,Sark,سارك,Sercq,Сарк,萨克,Europe,,Northern Europe,NA,NA,NA,1666109209000
249,HMD,Heard Island and McDonald Islands (AUS),Inactive,-2209161600000,Inactive,-2209161600000,,Inactive,-2209161600000,Inactive,-2209161600000,,,,,,Inactive,,{C9ED6D5F-0603-4115-8FAF-1768CF99186E},NA,334,Heard Island and McDonald Islands,Islas Heard y McDonald,جزيرة هيرد وجزر ماكدونالد,Île Heard-et-Îles MacDonald,Остров Херд и острова Макдональд,赫德岛和麦克唐纳岛,Oceania,,Australia and New Zealand,HMD,AUS,NA,1666109157000
248,NFK,Norfolk Island (AUS),Inactive,-2209161600000,Inactive,-2209161600000,,Inactive,-2209161600000,Inactive,-2209161600000,,,,,,Inactive,,{B2CAADF2-B279-48E6-84F5-D90F2E67A7C4},NA,574,Norfolk Island,Isla Norfolk,جزيرة نورفولك,Île Norfolk,Остров Норфолк,诺福克岛,Oceania,,Australia and New Zealand,,AUS,NA,1666109157000
247,IOT,British Indian Ocean Territory (GBR),Inactive,-2209161600000,Inactive,-2209161600000,,Inactive,-2209161600000,Inactive,-2209161600000,,,,,,Inactive,,{C77BD573-2541-43E1-A728-9C5848623CDC},NA,86,British Indian Ocean Territory,Territorio Británico del Océano Índico,المحيط الهندي الإقليم البريطاني في,Territoire britannique de l'océan Indien,Британская территория в Индийском океане,英属印度洋领土,Africa,Sub-Saharan Africa,Eastern Africa,IOT,GBR,NA,1666109157000
246,ASM,American Samoa (USA),Inactive,-2209161600000,Inactive,-2209161600000,,Inactive,-2209161600000,Inactive,-2209161600000,,,,,,Inactive,,{FA5F1468-FF41-4E6C-9C43-4D537BBC4DD6},NA,16,American Samoa,Samoa Americana,ساموا الأمريكية,Samoa américaines,Американское Самоа,美属萨摩亚,Oceania,,Polynesia,ASM,USA,NA,1666109157000
244,UMI,United States Minor Outlying Islands,Inactive,-2209161600000,Inactive,-2209161600000,,Inactive,-2209161600000,Inactive,-2209161600000,,,,,,Inactive,,{1FE5D8D6-05D7-4520-A180-58D277ACB112},NA,581,United States Minor Outlying Islands,Islas menores alejadas de Estados Unidos,نائية التابعة للولايات المتحدة,Îles mineures éloignées des États-Unis,Внешние малые острова Соединенных Штатов,美国本土外小岛屿,Oceania,,Micronesia,NA,USA,NA,1666109157000
243,CCK,Cocos (Keeling) Islands,Inactive,-2209161600000,Inactive,-2209161600000,,Inactive,-2209161600000,Inactive,-2209161600000,,,,,,Inactive,,{A6B1E8E6-CC1F-409B-8C27-677A7D0AA6CC},NA,166,Cocos (Keeling) Islands,Islas Cocos (Keeling),جزر كوكس (كيلينغ),Îles des Cocos (Keeling),Кокосовых (Килинг) островов,科科斯（基林）群岛,Oceania,,Australia and New Zealand,CCK,AUS,NA,1666109157000
242,GIB,Gibraltar (GBR),Inactive,-2209161600000,Inactive,-2209161600000,,Inactive,-2209161600000,Inactive,-2209161600000,,,,,,Inactive,,{3A016CD3-6D25-44D4-9284-02008479CB5E},NA,292,Gibraltar,Gibraltar,جبل طارق,Gibraltar,Гибралтар,直布罗陀,Europe,,Southern Europe,GIB,GBR,NA,1666109157000
240,WLF,Wallis and Futuna,Inactive,-2209161600000,Inactive,-2209161600000,,Inactive,-2209161600000,Inactive,-2209161600000,,,,,,Inactive,,{61F6F9B6-C556-4C2B-994E-986C44CCD1BF},NA,876,Wallis and Futuna Islands,Islas Wallis y Futuna,جزر واليس وفوتونا,Îles Wallis-et-Futuna,Острова Уоллис и Футуна,瓦利斯群岛和富图纳群岛,Oceania,,Polynesia,,FRA,NA,1666109157000
237,TKL,Tokelau (NZL),Inactive,-2209161600000,Inactive,-2209161600000,,Inactive,-2209161600000,Inactive,-2209161600000,,,,,,Inactive,,{6006EF9F-4CB5-4C43-9DFC-07A207F12276},NA,772,Tokelau,Tokelau,توكيلاو,Tokélaou,Токелау,托克劳,Oceania,,Polynesia,TKL,NZL,NA,1666109157000
233,CXR,Christmas Island (AUS),Inactive,-2209161600000,Inactive,-2209161600000,,Inactive,-2209161600000,Inactive,-2209161600000,,,,,,Inactive,,{C09AF7A7-4FA3-4010-9D6B-0534EDE2372C},NA,162,Christmas Island,Isla Christmas,جزيرة عيد الميلاد,Île Christmas,остров Рождества,圣诞岛,Oceania,,Australia and New Zealand,CXR,AUS,NA,1666109157000
230,ATA,Antarctica,Inactive,-2209161600000,Inactive,-2209161600000,,Inactive,-2209161600000,Inactive,-2209161600000,,,,,,Inactive,,{8C0D3E5D-E6CB-4224-BD30-1FAE5EEA7311},NA,10,Antarctica,Antártida,أنتاركتيكا,Antarctique,Антарктике,南极洲,Antarctica,,,ATA,ATA,NA,1666109157000
229,GUM,Guam (USA),Inactive,-2209161600000,Inactive,-2209161600000,,Inactive,-2209161600000,Inactive,-2209161600000,,,,,,Inactive,,{93E74178-9CE8-435D-8A85-C22D13EF8329},NA,316,Guam,Guam,غوام,Guam,Гуам,关岛,Oceania,,Micronesia,GUM,USA,NA,1666109157000
227,COK,Cook Islands (NZL),Inactive,-2209161600000,Inactive,-2209161600000,,Inactive,-2209161600000,Inactive,-2209161600000,,Regional Bureau for Asia and the Pacific,Asia and the Pacific,East Asia and the Pacific,None,Inactive,NA,{0CE1BC7A-6F02-4B54-924D-2E4DA5099FA9},RBAP,184,Cook Islands,Islas Cook,جزر كوك,Îles Cook,Острова Кука,库克群岛,Oceania,,Polynesia,COK,NZL,NA,1666109157000
221,AUS,Australia,Active,-503107200000,Active,124588800000,,Active,124588800000,Active,124588800000,,Regional Bureau for Asia and the Pacific,Asia and the Pacific,East Asia and the Pacific,AUS RO ABC,Inactive,NA,{EAB181A6-11A3-48E4-8134-B2E6EEF1870B},RBAP,36,Australia,Australia,أستراليا,Australie,Австралия,澳大利亚,Oceania,,Australia and New Zealand,AUL,AUS,NA,1666109157000
217,MHL,Marshall Islands,Inactive,-2209161600000,Inactive,-2209161600000,,Inactive,-2209161600000,Inactive,-2209161600000,,Regional Bureau for Asia and the Pacific,Asia and the Pacific,East Asia and the Pacific,None,Inactive,NA,{543C90B3-8DD8-4923-8D81-92EABD52ACAB},RBAP,584,Marshall Islands,Islas Marshall,جزر مارشال,Îles Marshall,Маршалловы Острова,马绍尔群岛,Oceania,,Micronesia,MHL,MHL,NA,1666109157000
204,MAF,Saint Martin (FRA),Active,-2209161600000,Active,-2209161600000,,Inactive,-2209161600000,Inactive,-2209161600000,,Regional Bureau for Europe,Europe,"Northern, Western, Central and Southern Europe",FRA ABC,Inactive,NA,{35CB8696-C627-4AD2-A94E-BA65C75790BA},RBE,663,Saint Martin (French Part),San Martín (parte francesa),سانت مارتن (الجزء الفرنسي),Saint-Martin (partie française),Сен-Мартен (французская часть),圣马丁（法属）,Americas,Latin America and the Caribbean,Caribbean,MAF,FRA,NA,1666109157000
190,VAT,Holy See,Active,-435456000000,Active,-81043200000,,Inactive,-2209161600000,Inactive,-2209161600000,,Regional Bureau for Europe,Europe,"Northern, Western, Central and Southern Europe",0,Inactive,NA,{9AF77DB5-5BF9-41DC-8EB0-80CA828D8EAC},RBE,336,Holy See,Santa Sede,الكرسي الرسولي,Saint-Siège,Святой Престол,教廷,Europe,,Southern Europe,VAT,VAT,NA,1666109157000
189,MNP,Northern Mariana Islands (USA),Active,-2209161600000,Active,-2209161600000,,Inactive,-2209161600000,Inactive,-2209161600000,,Regional Bureau for Asia and the Pacific,Asia and the Pacific,East Asia and the Pacific,None,Inactive,NA,{78E23DF6-E488-4837-AD2D-0ADAF38760F9},RBAP,580,Northern Mariana Islands,Islas Marianas Septentrionales,جزر ماريانا الشمالية,Îles Mariannes du Nord,Северные Марианские острова,北马里亚纳群岛,Oceania,,Micronesia,MNP,USA,NA,1666109157000
182,ATF,French Southern and Antarctic Territories (FRA),Inactive,-2209161600000,Inactive,-2209161600000,,Inactive,-2209161600000,Inactive,-2209161600000,,Regional Bureau for Europe,,,None,Inactive,NA,{F06305EB-1C3E-4CCF-BB03-74976726F2BA},RBE,260,French Southern Territories,Territorio de las Tierras Australes Francesas,الأراضي الفرنسية الجنوبية الجنوبية,Terres australes françaises,Южные земли (французская заморская территория),法属南方领地,Africa,Sub-Saharan Africa,Eastern Africa,ATF,FRA,NA,1666109157000
155,FRA,France,Active,-489974400000,Active,34387200000,,Active,-309830400000,Inactive,-2209161600000,,Regional Bureau for Europe,Europe,"Northern, Western, Central and Southern Europe",FRA ABC,Inactive,NA,{A24939B6-9167-4199-A551-8EA205383AC5},RBE,250,France,Francia,فرنسا,France,Франция,法国,Europe,,Western Europe,FRA,FRA,NA,1666109157000
106,TWN,Taiwan (CHN),Inactive,-2209161600000,Inactive,-2209161600000,,Inactive,-2209161600000,Inactive,-2209161600000,,Regional Bureau for Asia and the Pacific,Asia and the Pacific,East Asia and the Pacific,None,Inactive,NA,{78FAEC09-E971-453C-8BF5-F81974925475},RBAP,NA,,,,,,,,,,TWN,CHN,NA,1666109157000
104,AIA,Anguilla (GBR),Inactive,-2209161600000,Inactive,-2209161600000, ,Inactive,-2209161600000,Inactive,-2209161600000, ,Regional Bureau for Europe,Americas,North America and the Caribbean,USA RO ABC,Inactive,NA,{0EC46918-F2C3-441F-A7D3-E3BA5F2E2ABA},RBE,660,Anguilla,Anguila,أنغويلا,Anguilla,Ангилья,安圭拉,Americas,Latin America and the Caribbean,Caribbean,AIA,GBR,NA,1666109157000
97,FLK,Falkland Islands (Malvinas),Active,-2209161600000,Active,-2209161600000,,Inactive,-2209161600000,Inactive,-2209161600000,,Regional Bureau for the Americas ,Americas,Latin America,0,Inactive,NA,{8B66F1E3-EE73-43F5-A6AB-6C9DD4F74994},RBA,238,Falkland Islands (Malvinas),Islas Malvinas (Falkland),جزر فوكلاند (مالفيناس),Îles Falkland (Malvinas),Фолклендские (Мальвинские) острова,福克兰群岛（马尔维纳斯）,Americas,Latin America and the Caribbean,South America,FLK,GBR,NA,1666109157000
89,FRO,Faeroe Islands (DNK),Active,-2209161600000,Active,-2209161600000,,Inactive,-2209161600000,Inactive,-2209161600000,,Regional Bureau for Europe,Europe,"Northern, Western, Central and Southern Europe",0,Inactive,NA,{4D7D2E5C-D191-4E8F-AB8D-E0D14A853243},RBE,234,Faroe Islands,Islas Feroe,جزر فايرو,Îles Féroé,Фарерские острова,法罗群岛,Europe,,Northern Europe,,DNK,NA,1666109157000
79,USA,United States of America,Inactive,-2209161600000,Active,-36806400000,Signatory to Protocol only,Inactive,-2209161600000,Inactive,-2209161600000,,Regional Bureau for the Americas ,Americas,North America and the Caribbean,USA RO ABC,Inactive,NA,{607F2C45-B8BC-46FC-9BEE-FDF712932252},RBA,840,United States of America,Estados Unidos de América,الولايات المتحدة الأمريكية,États-Unis d’Amérique,Соединенные Штаты Америки,美利坚合众国,Americas,,Northern America,USA,USA,NA,1666109157000
78,VEN,Bolivarian Republic of Venezuela,Inactive,-2209161600000,Active,527472000000,Signatory to Protocol only,Inactive,-2209161600000,Inactive,-2209161600000,,Regional Bureau for the Americas ,Americas,Latin America,VEN ABC,Inactive,NA,{43B3532A-16A7-440D-9D20-3EB582CD126B},RBA,862,Venezuela (Bolivarian Republic of),Venezuela (República Bolivariana de),فنزويلا (جمهورية - البوليفارية),Venezuela (République bolivarienne du),Венесуэла (Боливарианская Республика),委内瑞拉玻利瓦尔共和国,Americas,Latin America and the Caribbean,South America,VEN,VEN,NA,1666109157000
45,GLP,Guadeloupe (FRA),Active,-2209161600000,Active,-2209161600000,,Inactive,-2209161600000,Inactive,-2209161600000,,Regional Bureau for Europe,Europe,"Northern, Western, Central and Southern Europe",FRA ABC,Inactive,NA,{9C5AC7CA-8B6E-4920-8394-59DFE4838CC6},RBE,312,Guadeloupe,Guadalupe,غوادلوب,Guadeloupe,Гваделупа,瓜德罗普,Americas,Latin America and the Caribbean,Caribbean,GLP,FRA,NA,1666109157000
28,NCL,French New Caledonia (FRA),Active,-2209161600000,Active,-2209161600000,,Inactive,-2209161600000,Inactive,-2209161600000,,Regional Bureau for Europe,Asia and the Pacific,East Asia and the Pacific,None,Inactive,NA,{6D452D12-5BB0-4CEC-BAC4-7265A892B951},RBE,540,New Caledonia,Nueva Caledonia,كاليدونيا الجديدة,Nouvelle-Calédonie,Новая Каледония,新喀里多尼亚,Oceania,,Melanesia,FNC,FRA,NA,1666109157000
13,NIU,Niue (NZL),Inactive,-2209161600000,Inactive,-2209161600000,,Inactive,-2209161600000,Inactive,-2209161600000,,Regional Bureau for Asia and the Pacific,Asia and the Pacific,East Asia and the Pacific,None,Inactive,NA,{B16122EA-A8B7-4EBE-9E21-863593EB7F33},RBAP,570,Niue,Niue,نيوي,Nioué,Ниуэ,纽埃,Oceania,,Polynesia,NIU,NZL,NA,1666109157000
273,KUR,Kurdistan,Inactive,NA,Inactive,NA,NA,Inactive,NA,Inactive,NA,NA,NA,NA,NA,NA,Inactive,NA,{E442C05A-D3D2-4EF0-9604-9E3DDF79D14B},NA,NA,NA,NA,NA,NA,NA,NA,NA,NA,NA,NA,NA,NA,NA
269,XKX,Kosovo (SRB),Inactive,NA,Inactive,NA,NA,Inactive,NA,Inactive,NA,NA,NA,NA,NA,NA,Inactive,UNHCR created ISO3,{6D17CA7F-0A2F-42B5-B66A-AF73DE2549DF},NA,NA,NA,NA,NA,NA,NA,NA,NA,NA,NA,KOS,SRB,NA,1666109209000
270,TIB,Tibet,Inactive,NA,Inactive,NA,NA,Inactive,NA,Inactive,NA,NA,NA,NA,NA,NA,Inactive,NA,{B46EA938-79B6-462C-8C73-AA7E8A3B471A},NA,NA,NA,NA,NA,NA,NA,NA,NA,NA,NA,NA,NA,NA,NA
271,SCG,Serbia and Montenegro,Inactive,NA,Inactive,NA,NA,Inactive,NA,Inactive,NA,NA,NA,NA,NA,NA,Inactive,NA,{D95CF4F9-74B6-4EBA-B4B2-E1D3C7C873FB},NA,NA,NA,NA,NA,NA,NA,NA,NA,NA,NA,NA,NA,NA,NA
272,YUG,Yugoslavia,Inactive,NA,Inactive,NA,NA,Inactive,NA,Inactive,NA,NA,NA,NA,NA,NA,Inactive,NA,{EE20BE56-6A2B-4149-9F84-A492BDE1599A},NA,NA,NA,NA,NA,NA,NA,NA,NA,NA,NA,NA,NA,NA,NA
11,NLD,Netherlands (Kingdom of the),Active,-431222400000,Active,-34387200000,,Active,-243734400000,Active,484790400000,,Regional Bureau for Europe,Europe,"Northern, Western, Central and Southern Europe",BEL RO ABC,Inactive,NA,{AFC3B29D-B6A0-413F-AEAF-4191F4C0CD9B},RBE,528,Netherlands (Kingdom of the),Países Bajos (Reino de los), (_هولندا (مملكة  ,Pays-Bas (Royaume des),Нидерланды (Королевство),荷兰王国,Europe,,Western Europe,NET,NLD,NA,1666109157000
